specimen_collection_date,new_cases,cumulative_cases,data_as_of,data_loaded_at
03/04/2020 12:00:00 AM,0,2,05/05/2023 04:30:00 AM,05/05/2023 07:00:12 AM
03/07/2020 12:00:00 AM,5,13,05/05/2023 04:30:00 AM,05/05/2023 07:00:12 AM
03/10/2020 12:00:00 AM,6,20,05/05/2023 04:30:00 AM,05/05/2023 07:00:12 AM
03/13/2020 12:00:00 AM,16,54,05/05/2023 04:30:00 AM,05/05/2023 07:00:12 AM
03/16/2020 12:00:00 AM,41,116,05/05/2023 04:30:00 AM,05/05/2023 07:00:12 AM
03/19/2020 12:00:00 AM,19,184,05/05/2023 04:30:00 AM,05/05/2023 07:00:12 AM
03/22/2020 12:00:00 AM,26,262,05/05/2023 04:30:00 AM,05/05/2023 07:00:12 AM
03/25/2020 12:00:00 AM,44,380,05/05/2023 04:30:00 AM,05/05/2023 07:00:12 AM
03/28/2020 12:00:00 AM,17,472,05/05/2023 04:30:00 AM,05/05/2023 07:00:12 AM
03/31/2020 12:00:00 AM,55,584,05/05/2023 04:30:00 AM,05/05/2023 07:00:12 AM
04/03/2020 12:00:00 AM,26,688,05/05/2023 04:30:00 AM,05/05/2023 07:00:12 AM
04/06/2020 12:00:00 AM,52,791,05/05/2023 04:30:00 AM,05/05/2023 07:00:12 AM
04/09/2020 12:00:00 AM,76,990,05/05/2023 04:30:00 AM,05/05/2023 07:00:12 AM
04/12/2020 12:00:00 AM,18,1059,05/05/2023 04:30:00 AM,05/05/2023 07:00:12 AM
04/15/2020 12:00:00 AM,53,1191,05/05/2023 04:30:00 AM,05/05/2023 07:00:12 AM
04/18/2020 12:00:00 AM,14,1275,05/05/2023 04:30:00 AM,05/05/2023 07:00:12 AM
04/21/2020 12:00:00 AM,30,1376,05/05/2023 04:30:00 AM,05/05/2023 07:00:12 AM
04/24/2020 12:00:00 AM,36,1490,05/05/2023 04:30:00 AM,05/05/2023 07:00:12 AM
04/27/2020 12:00:00 AM,36,1608,05/05/2023 04:30:00 AM,05/05/2023 07:00:12 AM
04/30/2020 12:00:00 AM,39,1769,05/05/2023 04:30:00 AM,05/05/2023 07:00:12 AM
05/03/2020 12:00:00 AM,11,1860,05/05/2023 04:30:00 AM,05/05/2023 07:00:12 AM
05/06/2020 12:00:00 AM,41,1989,05/05/2023 04:30:00 AM,05/05/2023 07:00:12 AM
05/09/2020 12:00:00 AM,7,2050,05/05/2023 04:30:00 AM,05/05/2023 07:00:12 AM
05/12/2020 12:00:00 AM,54,2136,05/05/2023 04:30:00 AM,05/05/2023 07:00:12 AM
05/15/2020 12:00:00 AM,35,2239,05/05/2023 04:30:00 AM,05/05/2023 07:00:12 AM
05/18/2020 12:00:00 AM,44,2301,05/05/2023 04:30:00 AM,05/05/2023 07:00:12 AM
05/21/2020 12:00:00 AM,26,2401,05/05/2023 04:30:00 AM,05/05/2023 07:00:12 AM
05/24/2020 12:00:00 AM,11,2462,05/05/2023 04:30:00 AM,05/05/2023 07:00:12 AM
05/27/2020 12:00:00 AM,35,2553,05/05/2023 04:30:00 AM,05/05/2023 07:00:12 AM
05/30/2020 12:00:00 AM,22,2631,05/05/2023 04:30:00 AM,05/05/2023 07:00:12 AM
06/02/2020 12:00:00 AM,45,2740,05/05/2023 04:30:00 AM,05/05/2023 07:00:12 AM
06/05/2020 12:00:00 AM,29,2834,05/05/2023 04:30:00 AM,05/05/2023 07:00:12 AM
06/08/2020 12:00:00 AM,35,2901,05/05/2023 04:30:00 AM,05/05/2023 07:00:12 AM
06/11/2020 12:00:00 AM,23,2976,05/05/2023 04:30:00 AM,05/05/2023 07:00:12 AM
06/14/2020 12:00:00 AM,15,3038,05/05/2023 04:30:00 AM,05/05/2023 07:00:12 AM
06/17/2020 12:00:00 AM,50,3171,05/05/2023 04:30:00 AM,05/05/2023 07:00:12 AM
06/20/2020 12:00:00 AM,41,3300,05/05/2023 04:30:00 AM,05/05/2023 07:00:12 AM
06/23/2020 12:00:00 AM,79,3516,05/05/2023 04:30:00 AM,05/05/2023 07:00:12 AM
06/26/2020 12:00:00 AM,69,3712,05/05/2023 04:30:00 AM,05/05/2023 07:00:12 AM
06/29/2020 12:00:00 AM,72,3871,05/05/2023 04:30:00 AM,05/05/2023 07:00:12 AM
07/02/2020 12:00:00 AM,103,4153,05/05/2023 04:30:00 AM,05/05/2023 07:00:12 AM
07/05/2020 12:00:00 AM,51,4311,05/05/2023 04:30:00 AM,05/05/2023 07:00:12 AM
07/08/2020 12:00:00 AM,111,4608,05/05/2023 04:30:00 AM,05/05/2023 07:00:12 AM
07/11/2020 12:00:00 AM,67,4910,05/05/2023 04:30:00 AM,05/05/2023 07:00:12 AM
07/14/2020 12:00:00 AM,161,5277,05/05/2023 04:30:00 AM,05/05/2023 07:00:12 AM
07/17/2020 12:00:00 AM,154,5730,05/05/2023 04:30:00 AM,05/05/2023 07:00:12 AM
07/20/2020 12:00:00 AM,147,6030,05/05/2023 04:30:00 AM,05/05/2023 07:00:12 AM
07/23/2020 12:00:00 AM,122,6407,05/05/2023 04:30:00 AM,05/05/2023 07:00:12 AM
07/26/2020 12:00:00 AM,62,6667,05/05/2023 04:30:00 AM,05/05/2023 07:00:12 AM
07/29/2020 12:00:00 AM,137,6992,05/05/2023 04:30:00 AM,05/05/2023 07:00:12 AM
08/01/2020 12:00:00 AM,66,7299,05/05/2023 04:30:00 AM,05/05/2023 07:00:12 AM
08/04/2020 12:00:00 AM,83,7530,05/05/2023 04:30:00 AM,05/05/2023 07:00:12 AM
08/07/2020 12:00:00 AM,130,7894,05/05/2023 04:30:00 AM,05/05/2023 07:00:12 AM
08/10/2020 12:00:00 AM,103,8117,05/05/2023 04:30:00 AM,05/05/2023 07:00:12 AM
08/13/2020 12:00:00 AM,102,8457,05/05/2023 04:30:00 AM,05/05/2023 07:00:12 AM
08/16/2020 12:00:00 AM,37,8668,05/05/2023 04:30:00 AM,05/05/2023 07:00:12 AM
08/19/2020 12:00:00 AM,97,8926,05/05/2023 04:30:00 AM,05/05/2023 07:00:12 AM
08/22/2020 12:00:00 AM,43,9131,05/05/2023 04:30:00 AM,05/05/2023 07:00:12 AM
08/25/2020 12:00:00 AM,79,9343,05/05/2023 04:30:00 AM,05/05/2023 07:00:12 AM
08/28/2020 12:00:00 AM,66,9600,05/05/2023 04:30:00 AM,05/05/2023 07:00:12 AM
08/31/2020 12:00:00 AM,84,9763,05/05/2023 04:30:00 AM,05/05/2023 07:00:12 AM
09/03/2020 12:00:00 AM,93,10021,05/05/2023 04:30:00 AM,05/05/2023 07:00:12 AM
09/06/2020 12:00:00 AM,25,10160,05/05/2023 04:30:00 AM,05/05/2023 07:00:12 AM
09/09/2020 12:00:00 AM,70,10347,05/05/2023 04:30:00 AM,05/05/2023 07:00:12 AM
09/12/2020 12:00:00 AM,44,10534,05/05/2023 04:30:00 AM,05/05/2023 07:00:12 AM
09/15/2020 12:00:00 AM,83,10733,05/05/2023 04:30:00 AM,05/05/2023 07:00:12 AM
09/18/2020 12:00:00 AM,88,10943,05/05/2023 04:30:00 AM,05/05/2023 07:00:12 AM
09/21/2020 12:00:00 AM,53,11052,05/05/2023 04:30:00 AM,05/05/2023 07:00:12 AM
09/24/2020 12:00:00 AM,74,11244,05/05/2023 04:30:00 AM,05/05/2023 07:00:12 AM
09/27/2020 12:00:00 AM,31,11348,05/05/2023 04:30:00 AM,05/05/2023 07:00:12 AM
09/30/2020 12:00:00 AM,50,11493,05/05/2023 04:30:00 AM,05/05/2023 07:00:12 AM
10/03/2020 12:00:00 AM,19,11577,05/05/2023 04:30:00 AM,05/05/2023 07:00:12 AM
10/06/2020 12:00:00 AM,37,11653,05/05/2023 04:30:00 AM,05/05/2023 07:00:12 AM
10/09/2020 12:00:00 AM,36,11762,05/05/2023 04:30:00 AM,05/05/2023 07:00:12 AM
10/12/2020 12:00:00 AM,35,11832,05/05/2023 04:30:00 AM,05/05/2023 07:00:12 AM
10/15/2020 12:00:00 AM,40,11946,05/05/2023 04:30:00 AM,05/05/2023 07:00:12 AM
10/18/2020 12:00:00 AM,10,12019,05/05/2023 04:30:00 AM,05/05/2023 07:00:12 AM
10/21/2020 12:00:00 AM,29,12129,05/05/2023 04:30:00 AM,05/05/2023 07:00:12 AM
10/24/2020 12:00:00 AM,32,12270,05/05/2023 04:30:00 AM,05/05/2023 07:00:12 AM
10/27/2020 12:00:00 AM,75,12429,05/05/2023 04:30:00 AM,05/05/2023 07:00:12 AM
10/30/2020 12:00:00 AM,58,12600,05/05/2023 04:30:00 AM,05/05/2023 07:00:12 AM
11/02/2020 12:00:00 AM,97,12781,05/05/2023 04:30:00 AM,05/05/2023 07:00:12 AM
11/05/2020 12:00:00 AM,123,13128,05/05/2023 04:30:00 AM,05/05/2023 07:00:12 AM
11/08/2020 12:00:00 AM,31,13335,05/05/2023 04:30:00 AM,05/05/2023 07:00:12 AM
11/11/2020 12:00:00 AM,107,13683,05/05/2023 04:30:00 AM,05/05/2023 07:00:12 AM
11/14/2020 12:00:00 AM,74,14008,05/05/2023 04:30:00 AM,05/05/2023 07:00:12 AM
11/17/2020 12:00:00 AM,143,14383,05/05/2023 04:30:00 AM,05/05/2023 07:00:12 AM
11/20/2020 12:00:00 AM,165,14899,05/05/2023 04:30:00 AM,05/05/2023 07:00:12 AM
11/23/2020 12:00:00 AM,178,15249,05/05/2023 04:30:00 AM,05/05/2023 07:00:12 AM
11/26/2020 12:00:00 AM,54,15659,05/05/2023 04:30:00 AM,05/05/2023 07:00:12 AM
11/29/2020 12:00:00 AM,131,16021,05/05/2023 04:30:00 AM,05/05/2023 07:00:12 AM
12/02/2020 12:00:00 AM,299,16894,05/05/2023 04:30:00 AM,05/05/2023 07:00:12 AM
12/05/2020 12:00:00 AM,141,17557,05/05/2023 04:30:00 AM,05/05/2023 07:00:12 AM
12/08/2020 12:00:00 AM,310,18305,05/05/2023 04:30:00 AM,05/05/2023 07:00:12 AM
12/11/2020 12:00:00 AM,313,19242,05/05/2023 04:30:00 AM,05/05/2023 07:00:12 AM
12/14/2020 12:00:00 AM,367,19936,05/05/2023 04:30:00 AM,05/05/2023 07:00:12 AM
12/17/2020 12:00:00 AM,308,20968,05/05/2023 04:30:00 AM,05/05/2023 07:00:12 AM
12/20/2020 12:00:00 AM,103,21494,05/05/2023 04:30:00 AM,05/05/2023 07:00:12 AM
12/23/2020 12:00:00 AM,290,22438,05/05/2023 04:30:00 AM,05/05/2023 07:00:12 AM
12/26/2020 12:00:00 AM,221,22960,05/05/2023 04:30:00 AM,05/05/2023 07:00:12 AM
12/29/2020 12:00:00 AM,438,23945,05/05/2023 04:30:00 AM,05/05/2023 07:00:12 AM
01/01/2021 12:00:00 AM,66,24662,05/05/2023 04:30:00 AM,05/05/2023 07:00:12 AM
01/04/2021 12:00:00 AM,561,25632,05/05/2023 04:30:00 AM,05/05/2023 07:00:12 AM
01/07/2021 12:00:00 AM,442,26910,05/05/2023 04:30:00 AM,05/05/2023 07:00:12 AM
01/10/2021 12:00:00 AM,117,27610,05/05/2023 04:30:00 AM,05/05/2023 07:00:12 AM
01/13/2021 12:00:00 AM,312,28636,05/05/2023 04:30:00 AM,05/05/2023 07:00:12 AM
01/16/2021 12:00:00 AM,155,29413,05/05/2023 04:30:00 AM,05/05/2023 07:00:12 AM
01/19/2021 12:00:00 AM,216,29919,05/05/2023 04:30:00 AM,05/05/2023 07:00:12 AM
01/22/2021 12:00:00 AM,205,30564,05/05/2023 04:30:00 AM,05/05/2023 07:00:12 AM
01/25/2021 12:00:00 AM,197,30961,05/05/2023 04:30:00 AM,05/05/2023 07:00:12 AM
01/28/2021 12:00:00 AM,149,31399,05/05/2023 04:30:00 AM,05/05/2023 07:00:12 AM
01/31/2021 12:00:00 AM,89,31771,05/05/2023 04:30:00 AM,05/05/2023 07:00:12 AM
02/03/2021 12:00:00 AM,186,32271,05/05/2023 04:30:00 AM,05/05/2023 07:00:12 AM
02/06/2021 12:00:00 AM,83,32676,05/05/2023 04:30:00 AM,05/05/2023 07:00:12 AM
02/09/2021 12:00:00 AM,106,32970,05/05/2023 04:30:00 AM,05/05/2023 07:00:12 AM
02/12/2021 12:00:00 AM,90,33280,05/05/2023 04:30:00 AM,05/05/2023 07:00:12 AM
02/15/2021 12:00:00 AM,70,33435,05/05/2023 04:30:00 AM,05/05/2023 07:00:12 AM
02/18/2021 12:00:00 AM,88,33688,05/05/2023 04:30:00 AM,05/05/2023 07:00:12 AM
02/21/2021 12:00:00 AM,37,33829,05/05/2023 04:30:00 AM,05/05/2023 07:00:12 AM
02/24/2021 12:00:00 AM,56,34040,05/05/2023 04:30:00 AM,05/05/2023 07:00:12 AM
02/27/2021 12:00:00 AM,22,34169,05/05/2023 04:30:00 AM,05/05/2023 07:00:12 AM
03/02/2021 12:00:00 AM,41,34283,05/05/2023 04:30:00 AM,05/05/2023 07:00:12 AM
03/05/2021 12:00:00 AM,37,34393,05/05/2023 04:30:00 AM,05/05/2023 07:00:12 AM
03/08/2021 12:00:00 AM,38,34479,05/05/2023 04:30:00 AM,05/05/2023 07:00:12 AM
03/11/2021 12:00:00 AM,43,34585,05/05/2023 04:30:00 AM,05/05/2023 07:00:12 AM
03/14/2021 12:00:00 AM,14,34667,05/05/2023 04:30:00 AM,05/05/2023 07:00:12 AM
03/17/2021 12:00:00 AM,34,34765,05/05/2023 04:30:00 AM,05/05/2023 07:00:12 AM
03/20/2021 12:00:00 AM,33,34875,05/05/2023 04:30:00 AM,05/05/2023 07:00:12 AM
03/23/2021 12:00:00 AM,35,34971,05/05/2023 04:30:00 AM,05/05/2023 07:00:12 AM
03/26/2021 12:00:00 AM,42,35110,05/05/2023 04:30:00 AM,05/05/2023 07:00:12 AM
03/29/2021 12:00:00 AM,52,35204,05/05/2023 04:30:00 AM,05/05/2023 07:00:12 AM
04/01/2021 12:00:00 AM,48,35334,05/05/2023 04:30:00 AM,05/05/2023 07:00:12 AM
04/04/2021 12:00:00 AM,11,35393,05/05/2023 04:30:00 AM,05/05/2023 07:00:12 AM
04/07/2021 12:00:00 AM,49,35536,05/05/2023 04:30:00 AM,05/05/2023 07:00:12 AM
04/10/2021 12:00:00 AM,32,35637,05/05/2023 04:30:00 AM,05/05/2023 07:00:12 AM
04/13/2021 12:00:00 AM,36,35728,05/05/2023 04:30:00 AM,05/05/2023 07:00:12 AM
04/16/2021 12:00:00 AM,31,35848,05/05/2023 04:30:00 AM,05/05/2023 07:00:12 AM
04/19/2021 12:00:00 AM,32,35922,05/05/2023 04:30:00 AM,05/05/2023 07:00:12 AM
04/22/2021 12:00:00 AM,27,36012,05/05/2023 04:30:00 AM,05/05/2023 07:00:12 AM
04/25/2021 12:00:00 AM,15,36067,05/05/2023 04:30:00 AM,05/05/2023 07:00:12 AM
04/28/2021 12:00:00 AM,33,36159,05/05/2023 04:30:00 AM,05/05/2023 07:00:12 AM
05/01/2021 12:00:00 AM,18,36242,05/05/2023 04:30:00 AM,05/05/2023 07:00:12 AM
05/04/2021 12:00:00 AM,31,36306,05/05/2023 04:30:00 AM,05/05/2023 07:00:12 AM
05/07/2021 12:00:00 AM,19,36369,05/05/2023 04:30:00 AM,05/05/2023 07:00:12 AM
05/10/2021 12:00:00 AM,13,36413,05/05/2023 04:30:00 AM,05/05/2023 07:00:12 AM
05/13/2021 12:00:00 AM,22,36477,05/05/2023 04:30:00 AM,05/05/2023 07:00:12 AM
05/16/2021 12:00:00 AM,12,36514,05/05/2023 04:30:00 AM,05/05/2023 07:00:12 AM
05/19/2021 12:00:00 AM,25,36577,05/05/2023 04:30:00 AM,05/05/2023 07:00:12 AM
05/22/2021 12:00:00 AM,6,36616,05/05/2023 04:30:00 AM,05/05/2023 07:00:12 AM
05/25/2021 12:00:00 AM,19,36656,05/05/2023 04:30:00 AM,05/05/2023 07:00:12 AM
05/28/2021 12:00:00 AM,9,36697,05/05/2023 04:30:00 AM,05/05/2023 07:00:12 AM
05/31/2021 12:00:00 AM,11,36727,05/05/2023 04:30:00 AM,05/05/2023 07:00:12 AM
06/03/2021 12:00:00 AM,21,36789,05/05/2023 04:30:00 AM,05/05/2023 07:00:12 AM
06/06/2021 12:00:00 AM,4,36811,05/05/2023 04:30:00 AM,05/05/2023 07:00:12 AM
06/09/2021 12:00:00 AM,11,36847,05/05/2023 04:30:00 AM,05/05/2023 07:00:12 AM
06/12/2021 12:00:00 AM,8,36881,05/05/2023 04:30:00 AM,05/05/2023 07:00:12 AM
06/15/2021 12:00:00 AM,9,36908,05/05/2023 04:30:00 AM,05/05/2023 07:00:12 AM
06/18/2021 12:00:00 AM,10,36947,05/05/2023 04:30:00 AM,05/05/2023 07:00:12 AM
06/21/2021 12:00:00 AM,21,36979,05/05/2023 04:30:00 AM,05/05/2023 07:00:12 AM
06/24/2021 12:00:00 AM,21,37025,05/05/2023 04:30:00 AM,05/05/2023 07:00:12 AM
06/27/2021 12:00:00 AM,9,37060,05/05/2023 04:30:00 AM,05/05/2023 07:00:12 AM
06/30/2021 12:00:00 AM,40,37173,05/05/2023 04:30:00 AM,05/05/2023 07:00:12 AM
07/03/2021 12:00:00 AM,34,37282,05/05/2023 04:30:00 AM,05/05/2023 07:00:12 AM
07/06/2021 12:00:00 AM,70,37385,05/05/2023 04:30:00 AM,05/05/2023 07:00:12 AM
07/09/2021 12:00:00 AM,88,37662,05/05/2023 04:30:00 AM,05/05/2023 07:00:12 AM
07/12/2021 12:00:00 AM,110,37897,05/05/2023 04:30:00 AM,05/05/2023 07:00:12 AM
07/15/2021 12:00:00 AM,176,38322,05/05/2023 04:30:00 AM,05/05/2023 07:00:12 AM
07/18/2021 12:00:00 AM,70,38630,05/05/2023 04:30:00 AM,05/05/2023 07:00:12 AM
07/21/2021 12:00:00 AM,253,39316,05/05/2023 04:30:00 AM,05/05/2023 07:00:12 AM
07/24/2021 12:00:00 AM,150,39930,05/05/2023 04:30:00 AM,05/05/2023 07:00:12 AM
07/27/2021 12:00:00 AM,350,40671,05/05/2023 04:30:00 AM,05/05/2023 07:00:12 AM
07/30/2021 12:00:00 AM,267,41786,05/05/2023 04:30:00 AM,05/05/2023 07:00:12 AM
08/02/2021 12:00:00 AM,357,42497,05/05/2023 04:30:00 AM,05/05/2023 07:00:12 AM
08/05/2021 12:00:00 AM,299,43461,05/05/2023 04:30:00 AM,05/05/2023 07:00:12 AM
08/08/2021 12:00:00 AM,134,44005,05/05/2023 04:30:00 AM,05/05/2023 07:00:12 AM
08/11/2021 12:00:00 AM,268,44806,05/05/2023 04:30:00 AM,05/05/2023 07:00:12 AM
08/14/2021 12:00:00 AM,122,45382,05/05/2023 04:30:00 AM,05/05/2023 07:00:12 AM
08/17/2021 12:00:00 AM,217,45950,05/05/2023 04:30:00 AM,05/05/2023 07:00:12 AM
08/20/2021 12:00:00 AM,158,46528,05/05/2023 04:30:00 AM,05/05/2023 07:00:12 AM
08/23/2021 12:00:00 AM,184,46877,05/05/2023 04:30:00 AM,05/05/2023 07:00:12 AM
08/26/2021 12:00:00 AM,169,47394,05/05/2023 04:30:00 AM,05/05/2023 07:00:12 AM
08/29/2021 12:00:00 AM,71,47668,05/05/2023 04:30:00 AM,05/05/2023 07:00:12 AM
09/01/2021 12:00:00 AM,145,48101,05/05/2023 04:30:00 AM,05/05/2023 07:00:12 AM
09/04/2021 12:00:00 AM,64,48386,05/05/2023 04:30:00 AM,05/05/2023 07:00:12 AM
09/07/2021 12:00:00 AM,149,48660,05/05/2023 04:30:00 AM,05/05/2023 07:00:12 AM
09/10/2021 12:00:00 AM,120,49076,05/05/2023 04:30:00 AM,05/05/2023 07:00:12 AM
09/13/2021 12:00:00 AM,124,49316,05/05/2023 04:30:00 AM,05/05/2023 07:00:12 AM
09/16/2021 12:00:00 AM,123,49704,05/05/2023 04:30:00 AM,05/05/2023 07:00:12 AM
09/19/2021 12:00:00 AM,64,49934,05/05/2023 04:30:00 AM,05/05/2023 07:00:12 AM
09/22/2021 12:00:00 AM,105,50228,05/05/2023 04:30:00 AM,05/05/2023 07:00:12 AM
09/25/2021 12:00:00 AM,47,50450,05/05/2023 04:30:00 AM,05/05/2023 07:00:12 AM
09/28/2021 12:00:00 AM,75,50684,05/05/2023 04:30:00 AM,05/05/2023 07:00:12 AM
10/01/2021 12:00:00 AM,95,51008,05/05/2023 04:30:00 AM,05/05/2023 07:00:12 AM
10/04/2021 12:00:00 AM,86,51173,05/05/2023 04:30:00 AM,05/05/2023 07:00:12 AM
10/07/2021 12:00:00 AM,72,51446,05/05/2023 04:30:00 AM,05/05/2023 07:00:12 AM
10/10/2021 12:00:00 AM,30,51575,05/05/2023 04:30:00 AM,05/05/2023 07:00:12 AM
10/13/2021 12:00:00 AM,70,51781,05/05/2023 04:30:00 AM,05/05/2023 07:00:12 AM
10/16/2021 12:00:00 AM,35,51926,05/05/2023 04:30:00 AM,05/05/2023 07:00:12 AM
10/19/2021 12:00:00 AM,67,52087,05/05/2023 04:30:00 AM,05/05/2023 07:00:12 AM
10/22/2021 12:00:00 AM,49,52281,05/05/2023 04:30:00 AM,05/05/2023 07:00:12 AM
10/25/2021 12:00:00 AM,61,52390,05/05/2023 04:30:00 AM,05/05/2023 07:00:12 AM
10/28/2021 12:00:00 AM,66,52607,05/05/2023 04:30:00 AM,05/05/2023 07:00:12 AM
10/31/2021 12:00:00 AM,19,52722,05/05/2023 04:30:00 AM,05/05/2023 07:00:12 AM
11/03/2021 12:00:00 AM,121,52994,05/05/2023 04:30:00 AM,05/05/2023 07:00:12 AM
11/06/2021 12:00:00 AM,56,53267,05/05/2023 04:30:00 AM,05/05/2023 07:00:12 AM
11/09/2021 12:00:00 AM,59,53443,05/05/2023 04:30:00 AM,05/05/2023 07:00:12 AM
11/12/2021 12:00:00 AM,59,53660,05/05/2023 04:30:00 AM,05/05/2023 07:00:12 AM
11/15/2021 12:00:00 AM,65,53785,05/05/2023 04:30:00 AM,05/05/2023 07:00:12 AM
11/18/2021 12:00:00 AM,64,54010,05/05/2023 04:30:00 AM,05/05/2023 07:00:12 AM
11/21/2021 12:00:00 AM,32,54139,05/05/2023 04:30:00 AM,05/05/2023 07:00:12 AM
11/24/2021 12:00:00 AM,67,54341,05/05/2023 04:30:00 AM,05/05/2023 07:00:12 AM
11/27/2021 12:00:00 AM,38,54437,05/05/2023 04:30:00 AM,05/05/2023 07:00:12 AM
11/30/2021 12:00:00 AM,120,54670,05/05/2023 04:30:00 AM,05/05/2023 07:00:12 AM
12/03/2021 12:00:00 AM,82,54956,05/05/2023 04:30:00 AM,05/05/2023 07:00:12 AM
12/06/2021 12:00:00 AM,93,55150,05/05/2023 04:30:00 AM,05/05/2023 07:00:12 AM
12/09/2021 12:00:00 AM,107,55469,05/05/2023 04:30:00 AM,05/05/2023 07:00:12 AM
12/12/2021 12:00:00 AM,55,55672,05/05/2023 04:30:00 AM,05/05/2023 07:00:12 AM
12/15/2021 12:00:00 AM,298,56324,05/05/2023 04:30:00 AM,05/05/2023 07:00:12 AM
12/18/2021 12:00:00 AM,261,57219,05/05/2023 04:30:00 AM,05/05/2023 07:00:12 AM
12/21/2021 12:00:00 AM,909,58957,05/05/2023 04:30:00 AM,05/05/2023 07:00:12 AM
12/24/2021 12:00:00 AM,547,61671,05/05/2023 04:30:00 AM,05/05/2023 07:00:12 AM
12/27/2021 12:00:00 AM,1649,64260,05/05/2023 04:30:00 AM,05/05/2023 07:00:12 AM
12/30/2021 12:00:00 AM,1944,69841,05/05/2023 04:30:00 AM,05/05/2023 07:00:12 AM
01/02/2022 12:00:00 AM,1018,72202,05/05/2023 04:30:00 AM,05/05/2023 07:00:12 AM
01/05/2022 12:00:00 AM,3161,81196,05/05/2023 04:30:00 AM,05/05/2023 07:00:12 AM
01/08/2022 12:00:00 AM,1301,87847,05/05/2023 04:30:00 AM,05/05/2023 07:00:12 AM
01/11/2022 12:00:00 AM,1700,92312,05/05/2023 04:30:00 AM,05/05/2023 07:00:12 AM
01/14/2022 12:00:00 AM,1845,98642,05/05/2023 04:30:00 AM,05/05/2023 07:00:12 AM
01/17/2022 12:00:00 AM,1551,102224,05/05/2023 04:30:00 AM,05/05/2023 07:00:12 AM
01/20/2022 12:00:00 AM,1505,107052,05/05/2023 04:30:00 AM,05/05/2023 07:00:12 AM
01/23/2022 12:00:00 AM,572,109567,05/05/2023 04:30:00 AM,05/05/2023 07:00:12 AM
01/26/2022 12:00:00 AM,873,112513,05/05/2023 04:30:00 AM,05/05/2023 07:00:12 AM
01/29/2022 12:00:00 AM,355,114244,05/05/2023 04:30:00 AM,05/05/2023 07:00:12 AM
02/01/2022 12:00:00 AM,451,115522,05/05/2023 04:30:00 AM,05/05/2023 07:00:12 AM
02/04/2022 12:00:00 AM,344,116791,05/05/2023 04:30:00 AM,05/05/2023 07:00:12 AM
02/07/2022 12:00:00 AM,411,117601,05/05/2023 04:30:00 AM,05/05/2023 07:00:12 AM
02/10/2022 12:00:00 AM,276,118587,05/05/2023 04:30:00 AM,05/05/2023 07:00:12 AM
02/13/2022 12:00:00 AM,105,119039,05/05/2023 04:30:00 AM,05/05/2023 07:00:12 AM
02/16/2022 12:00:00 AM,197,119691,05/05/2023 04:30:00 AM,05/05/2023 07:00:12 AM
02/19/2022 12:00:00 AM,77,120121,05/05/2023 04:30:00 AM,05/05/2023 07:00:12 AM
02/22/2022 12:00:00 AM,187,120510,05/05/2023 04:30:00 AM,05/05/2023 07:00:12 AM
02/25/2022 12:00:00 AM,132,120901,05/05/2023 04:30:00 AM,05/05/2023 07:00:12 AM
02/28/2022 12:00:00 AM,125,121160,05/05/2023 04:30:00 AM,05/05/2023 07:00:12 AM
03/03/2022 12:00:00 AM,114,121518,05/05/2023 04:30:00 AM,05/05/2023 07:00:12 AM
03/06/2022 12:00:00 AM,57,121720,05/05/2023 04:30:00 AM,05/05/2023 07:00:12 AM
03/09/2022 12:00:00 AM,97,122010,05/05/2023 04:30:00 AM,05/05/2023 07:00:12 AM
03/12/2022 12:00:00 AM,58,122254,05/05/2023 04:30:00 AM,05/05/2023 07:00:12 AM
03/15/2022 12:00:00 AM,95,122499,05/05/2023 04:30:00 AM,05/05/2023 07:00:12 AM
03/18/2022 12:00:00 AM,84,122800,05/05/2023 04:30:00 AM,05/05/2023 07:00:12 AM
03/21/2022 12:00:00 AM,122,123033,05/05/2023 04:30:00 AM,05/05/2023 07:00:12 AM
03/24/2022 12:00:00 AM,122,123458,05/05/2023 04:30:00 AM,05/05/2023 07:00:12 AM
03/27/2022 12:00:00 AM,71,123691,05/05/2023 04:30:00 AM,05/05/2023 07:00:12 AM
03/30/2022 12:00:00 AM,159,124169,05/05/2023 04:30:00 AM,05/05/2023 07:00:12 AM
04/02/2022 12:00:00 AM,81,124538,05/05/2023 04:30:00 AM,05/05/2023 07:00:12 AM
04/05/2022 12:00:00 AM,187,125019,05/05/2023 04:30:00 AM,05/05/2023 07:00:12 AM
03/05/2020 12:00:00 AM,6,8,05/05/2023 04:30:00 AM,05/05/2023 07:00:12 AM
03/08/2020 12:00:00 AM,1,14,05/05/2023 04:30:00 AM,05/05/2023 07:00:12 AM
03/11/2020 12:00:00 AM,9,29,05/05/2023 04:30:00 AM,05/05/2023 07:00:12 AM
03/14/2020 12:00:00 AM,10,64,05/05/2023 04:30:00 AM,05/05/2023 07:00:12 AM
03/17/2020 12:00:00 AM,27,143,05/05/2023 04:30:00 AM,05/05/2023 07:00:12 AM
03/20/2020 12:00:00 AM,35,219,05/05/2023 04:30:00 AM,05/05/2023 07:00:12 AM
03/23/2020 12:00:00 AM,33,295,05/05/2023 04:30:00 AM,05/05/2023 07:00:12 AM
03/26/2020 12:00:00 AM,42,422,05/05/2023 04:30:00 AM,05/05/2023 07:00:12 AM
03/29/2020 12:00:00 AM,14,486,05/05/2023 04:30:00 AM,05/05/2023 07:00:12 AM
04/01/2020 12:00:00 AM,40,624,05/05/2023 04:30:00 AM,05/05/2023 07:00:12 AM
04/04/2020 12:00:00 AM,15,703,05/05/2023 04:30:00 AM,05/05/2023 07:00:12 AM
04/07/2020 12:00:00 AM,57,848,05/05/2023 04:30:00 AM,05/05/2023 07:00:12 AM
04/10/2020 12:00:00 AM,28,1018,05/05/2023 04:30:00 AM,05/05/2023 07:00:12 AM
04/13/2020 12:00:00 AM,33,1092,05/05/2023 04:30:00 AM,05/05/2023 07:00:12 AM
04/16/2020 12:00:00 AM,30,1221,05/05/2023 04:30:00 AM,05/05/2023 07:00:12 AM
04/19/2020 12:00:00 AM,34,1309,05/05/2023 04:30:00 AM,05/05/2023 07:00:12 AM
04/22/2020 12:00:00 AM,32,1408,05/05/2023 04:30:00 AM,05/05/2023 07:00:12 AM
04/25/2020 12:00:00 AM,50,1540,05/05/2023 04:30:00 AM,05/05/2023 07:00:12 AM
04/28/2020 12:00:00 AM,73,1681,05/05/2023 04:30:00 AM,05/05/2023 07:00:12 AM
05/01/2020 12:00:00 AM,34,1803,05/05/2023 04:30:00 AM,05/05/2023 07:00:12 AM
05/04/2020 12:00:00 AM,44,1904,05/05/2023 04:30:00 AM,05/05/2023 07:00:12 AM
05/07/2020 12:00:00 AM,27,2016,05/05/2023 04:30:00 AM,05/05/2023 07:00:12 AM
05/10/2020 12:00:00 AM,5,2055,05/05/2023 04:30:00 AM,05/05/2023 07:00:12 AM
05/13/2020 12:00:00 AM,32,2168,05/05/2023 04:30:00 AM,05/05/2023 07:00:12 AM
05/16/2020 12:00:00 AM,8,2247,05/05/2023 04:30:00 AM,05/05/2023 07:00:12 AM
05/19/2020 12:00:00 AM,32,2333,05/05/2023 04:30:00 AM,05/05/2023 07:00:12 AM
05/22/2020 12:00:00 AM,33,2434,05/05/2023 04:30:00 AM,05/05/2023 07:00:12 AM
05/25/2020 12:00:00 AM,9,2471,05/05/2023 04:30:00 AM,05/05/2023 07:00:12 AM
05/28/2020 12:00:00 AM,24,2577,05/05/2023 04:30:00 AM,05/05/2023 07:00:12 AM
05/31/2020 12:00:00 AM,26,2657,05/05/2023 04:30:00 AM,05/05/2023 07:00:12 AM
06/03/2020 12:00:00 AM,27,2767,05/05/2023 04:30:00 AM,05/05/2023 07:00:12 AM
06/06/2020 12:00:00 AM,15,2849,05/05/2023 04:30:00 AM,05/05/2023 07:00:12 AM
06/09/2020 12:00:00 AM,33,2934,05/05/2023 04:30:00 AM,05/05/2023 07:00:12 AM
06/12/2020 12:00:00 AM,27,3003,05/05/2023 04:30:00 AM,05/05/2023 07:00:12 AM
06/15/2020 12:00:00 AM,35,3073,05/05/2023 04:30:00 AM,05/05/2023 07:00:12 AM
06/18/2020 12:00:00 AM,45,3216,05/05/2023 04:30:00 AM,05/05/2023 07:00:12 AM
06/21/2020 12:00:00 AM,32,3332,05/05/2023 04:30:00 AM,05/05/2023 07:00:12 AM
06/24/2020 12:00:00 AM,61,3577,05/05/2023 04:30:00 AM,05/05/2023 07:00:12 AM
06/27/2020 12:00:00 AM,51,3763,05/05/2023 04:30:00 AM,05/05/2023 07:00:12 AM
06/30/2020 12:00:00 AM,99,3970,05/05/2023 04:30:00 AM,05/05/2023 07:00:12 AM
07/03/2020 12:00:00 AM,80,4233,05/05/2023 04:30:00 AM,05/05/2023 07:00:12 AM
07/06/2020 12:00:00 AM,86,4397,05/05/2023 04:30:00 AM,05/05/2023 07:00:12 AM
07/09/2020 12:00:00 AM,108,4716,05/05/2023 04:30:00 AM,05/05/2023 07:00:12 AM
07/12/2020 12:00:00 AM,67,4977,05/05/2023 04:30:00 AM,05/05/2023 07:00:12 AM
07/15/2020 12:00:00 AM,154,5431,05/05/2023 04:30:00 AM,05/05/2023 07:00:12 AM
07/18/2020 12:00:00 AM,79,5809,05/05/2023 04:30:00 AM,05/05/2023 07:00:12 AM
07/21/2020 12:00:00 AM,128,6158,05/05/2023 04:30:00 AM,05/05/2023 07:00:12 AM
07/24/2020 12:00:00 AM,121,6528,05/05/2023 04:30:00 AM,05/05/2023 07:00:12 AM
07/27/2020 12:00:00 AM,92,6759,05/05/2023 04:30:00 AM,05/05/2023 07:00:12 AM
07/30/2020 12:00:00 AM,126,7118,05/05/2023 04:30:00 AM,05/05/2023 07:00:12 AM
08/02/2020 12:00:00 AM,45,7344,05/05/2023 04:30:00 AM,05/05/2023 07:00:12 AM
08/05/2020 12:00:00 AM,133,7663,05/05/2023 04:30:00 AM,05/05/2023 07:00:12 AM
08/08/2020 12:00:00 AM,60,7954,05/05/2023 04:30:00 AM,05/05/2023 07:00:12 AM
08/11/2020 12:00:00 AM,106,8223,05/05/2023 04:30:00 AM,05/05/2023 07:00:12 AM
08/14/2020 12:00:00 AM,108,8565,05/05/2023 04:30:00 AM,05/05/2023 07:00:12 AM
08/17/2020 12:00:00 AM,80,8748,05/05/2023 04:30:00 AM,05/05/2023 07:00:12 AM
08/20/2020 12:00:00 AM,85,9011,05/05/2023 04:30:00 AM,05/05/2023 07:00:12 AM
08/23/2020 12:00:00 AM,41,9172,05/05/2023 04:30:00 AM,05/05/2023 07:00:12 AM
08/26/2020 12:00:00 AM,91,9434,05/05/2023 04:30:00 AM,05/05/2023 07:00:12 AM
08/29/2020 12:00:00 AM,46,9646,05/05/2023 04:30:00 AM,05/05/2023 07:00:12 AM
09/01/2020 12:00:00 AM,83,9846,05/05/2023 04:30:00 AM,05/05/2023 07:00:12 AM
09/04/2020 12:00:00 AM,77,10098,05/05/2023 04:30:00 AM,05/05/2023 07:00:12 AM
09/07/2020 12:00:00 AM,49,10209,05/05/2023 04:30:00 AM,05/05/2023 07:00:12 AM
09/10/2020 12:00:00 AM,52,10399,05/05/2023 04:30:00 AM,05/05/2023 07:00:12 AM
09/13/2020 12:00:00 AM,21,10555,05/05/2023 04:30:00 AM,05/05/2023 07:00:12 AM
09/16/2020 12:00:00 AM,70,10803,05/05/2023 04:30:00 AM,05/05/2023 07:00:12 AM
09/19/2020 12:00:00 AM,38,10981,05/05/2023 04:30:00 AM,05/05/2023 07:00:12 AM
09/22/2020 12:00:00 AM,52,11104,05/05/2023 04:30:00 AM,05/05/2023 07:00:12 AM
09/25/2020 12:00:00 AM,53,11297,05/05/2023 04:30:00 AM,05/05/2023 07:00:12 AM
09/28/2020 12:00:00 AM,51,11399,05/05/2023 04:30:00 AM,05/05/2023 07:00:12 AM
10/01/2020 12:00:00 AM,42,11535,05/05/2023 04:30:00 AM,05/05/2023 07:00:12 AM
10/04/2020 12:00:00 AM,14,11591,05/05/2023 04:30:00 AM,05/05/2023 07:00:12 AM
10/07/2020 12:00:00 AM,35,11688,05/05/2023 04:30:00 AM,05/05/2023 07:00:12 AM
10/10/2020 12:00:00 AM,19,11781,05/05/2023 04:30:00 AM,05/05/2023 07:00:12 AM
10/13/2020 12:00:00 AM,42,11874,05/05/2023 04:30:00 AM,05/05/2023 07:00:12 AM
10/16/2020 12:00:00 AM,40,11986,05/05/2023 04:30:00 AM,05/05/2023 07:00:12 AM
10/19/2020 12:00:00 AM,39,12058,05/05/2023 04:30:00 AM,05/05/2023 07:00:12 AM
10/22/2020 12:00:00 AM,56,12185,05/05/2023 04:30:00 AM,05/05/2023 07:00:12 AM
10/25/2020 12:00:00 AM,35,12305,05/05/2023 04:30:00 AM,05/05/2023 07:00:12 AM
10/28/2020 12:00:00 AM,63,12492,05/05/2023 04:30:00 AM,05/05/2023 07:00:12 AM
10/31/2020 12:00:00 AM,50,12650,05/05/2023 04:30:00 AM,05/05/2023 07:00:12 AM
11/03/2020 12:00:00 AM,99,12880,05/05/2023 04:30:00 AM,05/05/2023 07:00:12 AM
11/06/2020 12:00:00 AM,111,13239,05/05/2023 04:30:00 AM,05/05/2023 07:00:12 AM
11/09/2020 12:00:00 AM,127,13462,05/05/2023 04:30:00 AM,05/05/2023 07:00:12 AM
11/12/2020 12:00:00 AM,144,13827,05/05/2023 04:30:00 AM,05/05/2023 07:00:12 AM
11/15/2020 12:00:00 AM,62,14070,05/05/2023 04:30:00 AM,05/05/2023 07:00:12 AM
11/18/2020 12:00:00 AM,181,14564,05/05/2023 04:30:00 AM,05/05/2023 07:00:12 AM
11/21/2020 12:00:00 AM,92,14991,05/05/2023 04:30:00 AM,05/05/2023 07:00:12 AM
11/24/2020 12:00:00 AM,194,15443,05/05/2023 04:30:00 AM,05/05/2023 07:00:12 AM
11/27/2020 12:00:00 AM,124,15783,05/05/2023 04:30:00 AM,05/05/2023 07:00:12 AM
11/30/2020 12:00:00 AM,269,16290,05/05/2023 04:30:00 AM,05/05/2023 07:00:12 AM
12/03/2020 12:00:00 AM,287,17181,05/05/2023 04:30:00 AM,05/05/2023 07:00:12 AM
12/06/2020 12:00:00 AM,114,17671,05/05/2023 04:30:00 AM,05/05/2023 07:00:12 AM
12/09/2020 12:00:00 AM,310,18615,05/05/2023 04:30:00 AM,05/05/2023 07:00:12 AM
12/12/2020 12:00:00 AM,200,19442,05/05/2023 04:30:00 AM,05/05/2023 07:00:12 AM
12/15/2020 12:00:00 AM,383,20319,05/05/2023 04:30:00 AM,05/05/2023 07:00:12 AM
12/18/2020 12:00:00 AM,297,21265,05/05/2023 04:30:00 AM,05/05/2023 07:00:12 AM
12/21/2020 12:00:00 AM,322,21816,05/05/2023 04:30:00 AM,05/05/2023 07:00:12 AM
12/24/2020 12:00:00 AM,231,22669,05/05/2023 04:30:00 AM,05/05/2023 07:00:12 AM
12/27/2020 12:00:00 AM,152,23112,05/05/2023 04:30:00 AM,05/05/2023 07:00:12 AM
12/30/2020 12:00:00 AM,375,24320,05/05/2023 04:30:00 AM,05/05/2023 07:00:12 AM
01/02/2021 12:00:00 AM,238,24900,05/05/2023 04:30:00 AM,05/05/2023 07:00:12 AM
01/05/2021 12:00:00 AM,445,26077,05/05/2023 04:30:00 AM,05/05/2023 07:00:12 AM
01/08/2021 12:00:00 AM,363,27273,05/05/2023 04:30:00 AM,05/05/2023 07:00:12 AM
01/11/2021 12:00:00 AM,424,28034,05/05/2023 04:30:00 AM,05/05/2023 07:00:12 AM
01/14/2021 12:00:00 AM,318,28954,05/05/2023 04:30:00 AM,05/05/2023 07:00:12 AM
01/17/2021 12:00:00 AM,113,29526,05/05/2023 04:30:00 AM,05/05/2023 07:00:12 AM
01/20/2021 12:00:00 AM,224,30143,05/05/2023 04:30:00 AM,05/05/2023 07:00:12 AM
01/23/2021 12:00:00 AM,108,30672,05/05/2023 04:30:00 AM,05/05/2023 07:00:12 AM
01/26/2021 12:00:00 AM,146,31107,05/05/2023 04:30:00 AM,05/05/2023 07:00:12 AM
01/29/2021 12:00:00 AM,142,31541,05/05/2023 04:30:00 AM,05/05/2023 07:00:12 AM
02/01/2021 12:00:00 AM,173,31944,05/05/2023 04:30:00 AM,05/05/2023 07:00:12 AM
02/04/2021 12:00:00 AM,173,32444,05/05/2023 04:30:00 AM,05/05/2023 07:00:12 AM
02/07/2021 12:00:00 AM,65,32741,05/05/2023 04:30:00 AM,05/05/2023 07:00:12 AM
02/10/2021 12:00:00 AM,110,33080,05/05/2023 04:30:00 AM,05/05/2023 07:00:12 AM
02/13/2021 12:00:00 AM,45,33325,05/05/2023 04:30:00 AM,05/05/2023 07:00:12 AM
02/16/2021 12:00:00 AM,84,33519,05/05/2023 04:30:00 AM,05/05/2023 07:00:12 AM
02/19/2021 12:00:00 AM,59,33747,05/05/2023 04:30:00 AM,05/05/2023 07:00:12 AM
02/22/2021 12:00:00 AM,82,33911,05/05/2023 04:30:00 AM,05/05/2023 07:00:12 AM
02/25/2021 12:00:00 AM,59,34099,05/05/2023 04:30:00 AM,05/05/2023 07:00:12 AM
02/28/2021 12:00:00 AM,28,34197,05/05/2023 04:30:00 AM,05/05/2023 07:00:12 AM
03/03/2021 12:00:00 AM,40,34323,05/05/2023 04:30:00 AM,05/05/2023 07:00:12 AM
03/06/2021 12:00:00 AM,28,34421,05/05/2023 04:30:00 AM,05/05/2023 07:00:12 AM
03/09/2021 12:00:00 AM,36,34515,05/05/2023 04:30:00 AM,05/05/2023 07:00:12 AM
03/12/2021 12:00:00 AM,47,34632,05/05/2023 04:30:00 AM,05/05/2023 07:00:12 AM
03/15/2021 12:00:00 AM,39,34706,05/05/2023 04:30:00 AM,05/05/2023 07:00:12 AM
03/18/2021 12:00:00 AM,28,34793,05/05/2023 04:30:00 AM,05/05/2023 07:00:12 AM
03/21/2021 12:00:00 AM,18,34893,05/05/2023 04:30:00 AM,05/05/2023 07:00:12 AM
03/24/2021 12:00:00 AM,52,35023,05/05/2023 04:30:00 AM,05/05/2023 07:00:12 AM
03/27/2021 12:00:00 AM,24,35134,05/05/2023 04:30:00 AM,05/05/2023 07:00:12 AM
03/30/2021 12:00:00 AM,30,35234,05/05/2023 04:30:00 AM,05/05/2023 07:00:12 AM
04/02/2021 12:00:00 AM,24,35358,05/05/2023 04:30:00 AM,05/05/2023 07:00:12 AM
04/05/2021 12:00:00 AM,60,35453,05/05/2023 04:30:00 AM,05/05/2023 07:00:12 AM
04/08/2021 12:00:00 AM,38,35574,05/05/2023 04:30:00 AM,05/05/2023 07:00:12 AM
04/11/2021 12:00:00 AM,15,35652,05/05/2023 04:30:00 AM,05/05/2023 07:00:12 AM
04/14/2021 12:00:00 AM,42,35770,05/05/2023 04:30:00 AM,05/05/2023 07:00:12 AM
04/17/2021 12:00:00 AM,27,35875,05/05/2023 04:30:00 AM,05/05/2023 07:00:12 AM
04/20/2021 12:00:00 AM,39,35961,05/05/2023 04:30:00 AM,05/05/2023 07:00:12 AM
04/23/2021 12:00:00 AM,24,36036,05/05/2023 04:30:00 AM,05/05/2023 07:00:12 AM
04/26/2021 12:00:00 AM,40,36107,05/05/2023 04:30:00 AM,05/05/2023 07:00:12 AM
04/29/2021 12:00:00 AM,34,36193,05/05/2023 04:30:00 AM,05/05/2023 07:00:12 AM
05/02/2021 12:00:00 AM,10,36252,05/05/2023 04:30:00 AM,05/05/2023 07:00:12 AM
05/05/2021 12:00:00 AM,22,36328,05/05/2023 04:30:00 AM,05/05/2023 07:00:12 AM
05/08/2021 12:00:00 AM,15,36384,05/05/2023 04:30:00 AM,05/05/2023 07:00:12 AM
05/11/2021 12:00:00 AM,23,36436,05/05/2023 04:30:00 AM,05/05/2023 07:00:12 AM
05/14/2021 12:00:00 AM,19,36496,05/05/2023 04:30:00 AM,05/05/2023 07:00:12 AM
05/17/2021 12:00:00 AM,21,36535,05/05/2023 04:30:00 AM,05/05/2023 07:00:12 AM
05/20/2021 12:00:00 AM,21,36598,05/05/2023 04:30:00 AM,05/05/2023 07:00:12 AM
05/23/2021 12:00:00 AM,5,36621,05/05/2023 04:30:00 AM,05/05/2023 07:00:12 AM
05/26/2021 12:00:00 AM,19,36675,05/05/2023 04:30:00 AM,05/05/2023 07:00:12 AM
05/29/2021 12:00:00 AM,7,36704,05/05/2023 04:30:00 AM,05/05/2023 07:00:12 AM
06/01/2021 12:00:00 AM,25,36752,05/05/2023 04:30:00 AM,05/05/2023 07:00:12 AM
06/04/2021 12:00:00 AM,10,36799,05/05/2023 04:30:00 AM,05/05/2023 07:00:12 AM
06/07/2021 12:00:00 AM,12,36823,05/05/2023 04:30:00 AM,05/05/2023 07:00:12 AM
06/10/2021 12:00:00 AM,16,36863,05/05/2023 04:30:00 AM,05/05/2023 07:00:12 AM
06/13/2021 12:00:00 AM,4,36885,05/05/2023 04:30:00 AM,05/05/2023 07:00:12 AM
06/16/2021 12:00:00 AM,13,36921,05/05/2023 04:30:00 AM,05/05/2023 07:00:12 AM
06/19/2021 12:00:00 AM,2,36949,05/05/2023 04:30:00 AM,05/05/2023 07:00:12 AM
06/22/2021 12:00:00 AM,12,36991,05/05/2023 04:30:00 AM,05/05/2023 07:00:12 AM
06/25/2021 12:00:00 AM,11,37036,05/05/2023 04:30:00 AM,05/05/2023 07:00:12 AM
06/28/2021 12:00:00 AM,32,37092,05/05/2023 04:30:00 AM,05/05/2023 07:00:12 AM
07/01/2021 12:00:00 AM,43,37216,05/05/2023 04:30:00 AM,05/05/2023 07:00:12 AM
07/04/2021 12:00:00 AM,15,37297,05/05/2023 04:30:00 AM,05/05/2023 07:00:12 AM
07/07/2021 12:00:00 AM,86,37471,05/05/2023 04:30:00 AM,05/05/2023 07:00:12 AM
07/10/2021 12:00:00 AM,68,37730,05/05/2023 04:30:00 AM,05/05/2023 07:00:12 AM
07/13/2021 12:00:00 AM,119,38016,05/05/2023 04:30:00 AM,05/05/2023 07:00:12 AM
07/16/2021 12:00:00 AM,131,38453,05/05/2023 04:30:00 AM,05/05/2023 07:00:12 AM
07/19/2021 12:00:00 AM,194,38824,05/05/2023 04:30:00 AM,05/05/2023 07:00:12 AM
07/22/2021 12:00:00 AM,236,39552,05/05/2023 04:30:00 AM,05/05/2023 07:00:12 AM
07/25/2021 12:00:00 AM,109,40039,05/05/2023 04:30:00 AM,05/05/2023 07:00:12 AM
07/28/2021 12:00:00 AM,400,41071,05/05/2023 04:30:00 AM,05/05/2023 07:00:12 AM
07/31/2021 12:00:00 AM,210,41996,05/05/2023 04:30:00 AM,05/05/2023 07:00:12 AM
08/03/2021 12:00:00 AM,338,42835,05/05/2023 04:30:00 AM,05/05/2023 07:00:12 AM
08/06/2021 12:00:00 AM,249,43710,05/05/2023 04:30:00 AM,05/05/2023 07:00:12 AM
08/09/2021 12:00:00 AM,281,44286,05/05/2023 04:30:00 AM,05/05/2023 07:00:12 AM
08/12/2021 12:00:00 AM,242,45048,05/05/2023 04:30:00 AM,05/05/2023 07:00:12 AM
08/15/2021 12:00:00 AM,109,45491,05/05/2023 04:30:00 AM,05/05/2023 07:00:12 AM
08/18/2021 12:00:00 AM,204,46154,05/05/2023 04:30:00 AM,05/05/2023 07:00:12 AM
08/21/2021 12:00:00 AM,83,46611,05/05/2023 04:30:00 AM,05/05/2023 07:00:12 AM
08/24/2021 12:00:00 AM,159,47036,05/05/2023 04:30:00 AM,05/05/2023 07:00:12 AM
08/27/2021 12:00:00 AM,130,47524,05/05/2023 04:30:00 AM,05/05/2023 07:00:12 AM
08/30/2021 12:00:00 AM,139,47807,05/05/2023 04:30:00 AM,05/05/2023 07:00:12 AM
09/02/2021 12:00:00 AM,110,48211,05/05/2023 04:30:00 AM,05/05/2023 07:00:12 AM
09/05/2021 12:00:00 AM,59,48445,05/05/2023 04:30:00 AM,05/05/2023 07:00:12 AM
09/08/2021 12:00:00 AM,146,48806,05/05/2023 04:30:00 AM,05/05/2023 07:00:12 AM
09/11/2021 12:00:00 AM,74,49150,05/05/2023 04:30:00 AM,05/05/2023 07:00:12 AM
09/14/2021 12:00:00 AM,130,49446,05/05/2023 04:30:00 AM,05/05/2023 07:00:12 AM
09/17/2021 12:00:00 AM,101,49805,05/05/2023 04:30:00 AM,05/05/2023 07:00:12 AM
09/20/2021 12:00:00 AM,93,50027,05/05/2023 04:30:00 AM,05/05/2023 07:00:12 AM
09/23/2021 12:00:00 AM,94,50322,05/05/2023 04:30:00 AM,05/05/2023 07:00:12 AM
09/26/2021 12:00:00 AM,41,50491,05/05/2023 04:30:00 AM,05/05/2023 07:00:12 AM
09/29/2021 12:00:00 AM,116,50800,05/05/2023 04:30:00 AM,05/05/2023 07:00:12 AM
10/02/2021 12:00:00 AM,40,51048,05/05/2023 04:30:00 AM,05/05/2023 07:00:12 AM
10/05/2021 12:00:00 AM,86,51259,05/05/2023 04:30:00 AM,05/05/2023 07:00:12 AM
10/08/2021 12:00:00 AM,63,51509,05/05/2023 04:30:00 AM,05/05/2023 07:00:12 AM
10/11/2021 12:00:00 AM,59,51634,05/05/2023 04:30:00 AM,05/05/2023 07:00:12 AM
10/14/2021 12:00:00 AM,49,51830,05/05/2023 04:30:00 AM,05/05/2023 07:00:12 AM
10/17/2021 12:00:00 AM,23,51949,05/05/2023 04:30:00 AM,05/05/2023 07:00:12 AM
10/20/2021 12:00:00 AM,85,52172,05/05/2023 04:30:00 AM,05/05/2023 07:00:12 AM
10/23/2021 12:00:00 AM,37,52318,05/05/2023 04:30:00 AM,05/05/2023 07:00:12 AM
10/26/2021 12:00:00 AM,60,52450,05/05/2023 04:30:00 AM,05/05/2023 07:00:12 AM
10/29/2021 12:00:00 AM,51,52658,05/05/2023 04:30:00 AM,05/05/2023 07:00:12 AM
11/01/2021 12:00:00 AM,70,52792,05/05/2023 04:30:00 AM,05/05/2023 07:00:12 AM
11/04/2021 12:00:00 AM,104,53098,05/05/2023 04:30:00 AM,05/05/2023 07:00:12 AM
11/07/2021 12:00:00 AM,39,53306,05/05/2023 04:30:00 AM,05/05/2023 07:00:12 AM
11/10/2021 12:00:00 AM,73,53516,05/05/2023 04:30:00 AM,05/05/2023 07:00:12 AM
11/13/2021 12:00:00 AM,32,53692,05/05/2023 04:30:00 AM,05/05/2023 07:00:12 AM
11/16/2021 12:00:00 AM,78,53863,05/05/2023 04:30:00 AM,05/05/2023 07:00:12 AM
11/19/2021 12:00:00 AM,52,54062,05/05/2023 04:30:00 AM,05/05/2023 07:00:12 AM
11/22/2021 12:00:00 AM,67,54206,05/05/2023 04:30:00 AM,05/05/2023 07:00:12 AM
11/25/2021 12:00:00 AM,13,54354,05/05/2023 04:30:00 AM,05/05/2023 07:00:12 AM
11/28/2021 12:00:00 AM,31,54468,05/05/2023 04:30:00 AM,05/05/2023 07:00:12 AM
12/01/2021 12:00:00 AM,112,54782,05/05/2023 04:30:00 AM,05/05/2023 07:00:12 AM
12/04/2021 12:00:00 AM,54,55010,05/05/2023 04:30:00 AM,05/05/2023 07:00:12 AM
12/07/2021 12:00:00 AM,102,55252,05/05/2023 04:30:00 AM,05/05/2023 07:00:12 AM
12/10/2021 12:00:00 AM,83,55552,05/05/2023 04:30:00 AM,05/05/2023 07:00:12 AM
12/13/2021 12:00:00 AM,125,55797,05/05/2023 04:30:00 AM,05/05/2023 07:00:12 AM
12/16/2021 12:00:00 AM,311,56635,05/05/2023 04:30:00 AM,05/05/2023 07:00:12 AM
12/19/2021 12:00:00 AM,220,57439,05/05/2023 04:30:00 AM,05/05/2023 07:00:12 AM
12/22/2021 12:00:00 AM,1047,60004,05/05/2023 04:30:00 AM,05/05/2023 07:00:12 AM
12/25/2021 12:00:00 AM,120,61791,05/05/2023 04:30:00 AM,05/05/2023 07:00:12 AM
12/28/2021 12:00:00 AM,1885,66145,05/05/2023 04:30:00 AM,05/05/2023 07:00:12 AM
12/31/2021 12:00:00 AM,1040,70881,05/05/2023 04:30:00 AM,05/05/2023 07:00:12 AM
01/03/2022 12:00:00 AM,2777,74979,05/05/2023 04:30:00 AM,05/05/2023 07:00:12 AM
01/06/2022 12:00:00 AM,2882,84078,05/05/2023 04:30:00 AM,05/05/2023 07:00:12 AM
01/09/2022 12:00:00 AM,1049,88896,05/05/2023 04:30:00 AM,05/05/2023 07:00:12 AM
01/12/2022 12:00:00 AM,2415,94727,05/05/2023 04:30:00 AM,05/05/2023 07:00:12 AM
01/15/2022 12:00:00 AM,1144,99786,05/05/2023 04:30:00 AM,05/05/2023 07:00:12 AM
01/18/2022 12:00:00 AM,1735,103959,05/05/2023 04:30:00 AM,05/05/2023 07:00:12 AM
01/21/2022 12:00:00 AM,1224,108276,05/05/2023 04:30:00 AM,05/05/2023 07:00:12 AM
01/24/2022 12:00:00 AM,1090,110657,05/05/2023 04:30:00 AM,05/05/2023 07:00:12 AM
01/27/2022 12:00:00 AM,768,113281,05/05/2023 04:30:00 AM,05/05/2023 07:00:12 AM
01/30/2022 12:00:00 AM,237,114481,05/05/2023 04:30:00 AM,05/05/2023 07:00:12 AM
02/02/2022 12:00:00 AM,493,116015,05/05/2023 04:30:00 AM,05/05/2023 07:00:12 AM
02/05/2022 12:00:00 AM,228,117019,05/05/2023 04:30:00 AM,05/05/2023 07:00:12 AM
02/08/2022 12:00:00 AM,357,117958,05/05/2023 04:30:00 AM,05/05/2023 07:00:12 AM
02/11/2022 12:00:00 AM,228,118815,05/05/2023 04:30:00 AM,05/05/2023 07:00:12 AM
02/14/2022 12:00:00 AM,251,119290,05/05/2023 04:30:00 AM,05/05/2023 07:00:12 AM
02/17/2022 12:00:00 AM,202,119893,05/05/2023 04:30:00 AM,05/05/2023 07:00:12 AM
02/20/2022 12:00:00 AM,70,120191,05/05/2023 04:30:00 AM,05/05/2023 07:00:12 AM
02/23/2022 12:00:00 AM,123,120633,05/05/2023 04:30:00 AM,05/05/2023 07:00:12 AM
02/26/2022 12:00:00 AM,74,120975,05/05/2023 04:30:00 AM,05/05/2023 07:00:12 AM
03/01/2022 12:00:00 AM,137,121297,05/05/2023 04:30:00 AM,05/05/2023 07:00:12 AM
03/04/2022 12:00:00 AM,87,121605,05/05/2023 04:30:00 AM,05/05/2023 07:00:12 AM
03/07/2022 12:00:00 AM,93,121813,05/05/2023 04:30:00 AM,05/05/2023 07:00:12 AM
03/10/2022 12:00:00 AM,101,122111,05/05/2023 04:30:00 AM,05/05/2023 07:00:12 AM
03/13/2022 12:00:00 AM,41,122295,05/05/2023 04:30:00 AM,05/05/2023 07:00:12 AM
03/16/2022 12:00:00 AM,124,122623,05/05/2023 04:30:00 AM,05/05/2023 07:00:12 AM
03/19/2022 12:00:00 AM,61,122861,05/05/2023 04:30:00 AM,05/05/2023 07:00:12 AM
03/22/2022 12:00:00 AM,169,123202,05/05/2023 04:30:00 AM,05/05/2023 07:00:12 AM
03/25/2022 12:00:00 AM,99,123557,05/05/2023 04:30:00 AM,05/05/2023 07:00:12 AM
03/28/2022 12:00:00 AM,168,123859,05/05/2023 04:30:00 AM,05/05/2023 07:00:12 AM
03/31/2022 12:00:00 AM,132,124301,05/05/2023 04:30:00 AM,05/05/2023 07:00:12 AM
04/03/2022 12:00:00 AM,70,124608,05/05/2023 04:30:00 AM,05/05/2023 07:00:12 AM
04/06/2022 12:00:00 AM,203,125222,05/05/2023 04:30:00 AM,05/05/2023 07:00:12 AM
03/03/2020 12:00:00 AM,2,2,05/05/2023 04:30:00 AM,05/05/2023 07:00:12 AM
03/06/2020 12:00:00 AM,0,8,05/05/2023 04:30:00 AM,05/05/2023 07:00:12 AM
03/09/2020 12:00:00 AM,0,14,05/05/2023 04:30:00 AM,05/05/2023 07:00:12 AM
03/12/2020 12:00:00 AM,9,38,05/05/2023 04:30:00 AM,05/05/2023 07:00:12 AM
03/15/2020 12:00:00 AM,11,75,05/05/2023 04:30:00 AM,05/05/2023 07:00:12 AM
03/18/2020 12:00:00 AM,22,165,05/05/2023 04:30:00 AM,05/05/2023 07:00:12 AM
03/21/2020 12:00:00 AM,17,236,05/05/2023 04:30:00 AM,05/05/2023 07:00:12 AM
03/24/2020 12:00:00 AM,41,336,05/05/2023 04:30:00 AM,05/05/2023 07:00:12 AM
03/27/2020 12:00:00 AM,33,455,05/05/2023 04:30:00 AM,05/05/2023 07:00:12 AM
03/30/2020 12:00:00 AM,43,529,05/05/2023 04:30:00 AM,05/05/2023 07:00:12 AM
04/02/2020 12:00:00 AM,38,662,05/05/2023 04:30:00 AM,05/05/2023 07:00:12 AM
04/05/2020 12:00:00 AM,36,739,05/05/2023 04:30:00 AM,05/05/2023 07:00:12 AM
04/08/2020 12:00:00 AM,66,914,05/05/2023 04:30:00 AM,05/05/2023 07:00:12 AM
04/11/2020 12:00:00 AM,23,1041,05/05/2023 04:30:00 AM,05/05/2023 07:00:12 AM
04/14/2020 12:00:00 AM,46,1138,05/05/2023 04:30:00 AM,05/05/2023 07:00:12 AM
04/17/2020 12:00:00 AM,40,1261,05/05/2023 04:30:00 AM,05/05/2023 07:00:12 AM
04/20/2020 12:00:00 AM,37,1346,05/05/2023 04:30:00 AM,05/05/2023 07:00:12 AM
04/23/2020 12:00:00 AM,46,1454,05/05/2023 04:30:00 AM,05/05/2023 07:00:12 AM
04/26/2020 12:00:00 AM,32,1572,05/05/2023 04:30:00 AM,05/05/2023 07:00:12 AM
04/29/2020 12:00:00 AM,49,1730,05/05/2023 04:30:00 AM,05/05/2023 07:00:12 AM
05/02/2020 12:00:00 AM,46,1849,05/05/2023 04:30:00 AM,05/05/2023 07:00:12 AM
05/05/2020 12:00:00 AM,44,1948,05/05/2023 04:30:00 AM,05/05/2023 07:00:12 AM
05/08/2020 12:00:00 AM,27,2043,05/05/2023 04:30:00 AM,05/05/2023 07:00:12 AM
05/11/2020 12:00:00 AM,27,2082,05/05/2023 04:30:00 AM,05/05/2023 07:00:12 AM
05/14/2020 12:00:00 AM,36,2204,05/05/2023 04:30:00 AM,05/05/2023 07:00:12 AM
05/17/2020 12:00:00 AM,10,2257,05/05/2023 04:30:00 AM,05/05/2023 07:00:12 AM
05/20/2020 12:00:00 AM,42,2375,05/05/2023 04:30:00 AM,05/05/2023 07:00:12 AM
05/23/2020 12:00:00 AM,17,2451,05/05/2023 04:30:00 AM,05/05/2023 07:00:12 AM
05/26/2020 12:00:00 AM,47,2518,05/05/2023 04:30:00 AM,05/05/2023 07:00:12 AM
05/29/2020 12:00:00 AM,32,2609,05/05/2023 04:30:00 AM,05/05/2023 07:00:12 AM
06/01/2020 12:00:00 AM,38,2695,05/05/2023 04:30:00 AM,05/05/2023 07:00:12 AM
06/04/2020 12:00:00 AM,38,2805,05/05/2023 04:30:00 AM,05/05/2023 07:00:12 AM
06/07/2020 12:00:00 AM,17,2866,05/05/2023 04:30:00 AM,05/05/2023 07:00:12 AM
06/10/2020 12:00:00 AM,19,2953,05/05/2023 04:30:00 AM,05/05/2023 07:00:12 AM
06/13/2020 12:00:00 AM,20,3023,05/05/2023 04:30:00 AM,05/05/2023 07:00:12 AM
06/16/2020 12:00:00 AM,48,3121,05/05/2023 04:30:00 AM,05/05/2023 07:00:12 AM
06/19/2020 12:00:00 AM,43,3259,05/05/2023 04:30:00 AM,05/05/2023 07:00:12 AM
06/22/2020 12:00:00 AM,105,3437,05/05/2023 04:30:00 AM,05/05/2023 07:00:12 AM
06/25/2020 12:00:00 AM,66,3643,05/05/2023 04:30:00 AM,05/05/2023 07:00:12 AM
06/28/2020 12:00:00 AM,36,3799,05/05/2023 04:30:00 AM,05/05/2023 07:00:12 AM
07/01/2020 12:00:00 AM,80,4050,05/05/2023 04:30:00 AM,05/05/2023 07:00:12 AM
07/04/2020 12:00:00 AM,27,4260,05/05/2023 04:30:00 AM,05/05/2023 07:00:12 AM
07/07/2020 12:00:00 AM,100,4497,05/05/2023 04:30:00 AM,05/05/2023 07:00:12 AM
07/10/2020 12:00:00 AM,127,4843,05/05/2023 04:30:00 AM,05/05/2023 07:00:12 AM
07/13/2020 12:00:00 AM,139,5116,05/05/2023 04:30:00 AM,05/05/2023 07:00:12 AM
07/16/2020 12:00:00 AM,145,5576,05/05/2023 04:30:00 AM,05/05/2023 07:00:12 AM
07/19/2020 12:00:00 AM,74,5883,05/05/2023 04:30:00 AM,05/05/2023 07:00:12 AM
07/22/2020 12:00:00 AM,127,6285,05/05/2023 04:30:00 AM,05/05/2023 07:00:12 AM
07/25/2020 12:00:00 AM,77,6605,05/05/2023 04:30:00 AM,05/05/2023 07:00:12 AM
07/28/2020 12:00:00 AM,96,6855,05/05/2023 04:30:00 AM,05/05/2023 07:00:12 AM
07/31/2020 12:00:00 AM,115,7233,05/05/2023 04:30:00 AM,05/05/2023 07:00:12 AM
08/03/2020 12:00:00 AM,103,7447,05/05/2023 04:30:00 AM,05/05/2023 07:00:12 AM
08/06/2020 12:00:00 AM,101,7764,05/05/2023 04:30:00 AM,05/05/2023 07:00:12 AM
08/09/2020 12:00:00 AM,60,8014,05/05/2023 04:30:00 AM,05/05/2023 07:00:12 AM
08/12/2020 12:00:00 AM,132,8355,05/05/2023 04:30:00 AM,05/05/2023 07:00:12 AM
08/15/2020 12:00:00 AM,66,8631,05/05/2023 04:30:00 AM,05/05/2023 07:00:12 AM
08/18/2020 12:00:00 AM,81,8829,05/05/2023 04:30:00 AM,05/05/2023 07:00:12 AM
08/21/2020 12:00:00 AM,77,9088,05/05/2023 04:30:00 AM,05/05/2023 07:00:12 AM
08/24/2020 12:00:00 AM,92,9264,05/05/2023 04:30:00 AM,05/05/2023 07:00:12 AM
08/27/2020 12:00:00 AM,100,9534,05/05/2023 04:30:00 AM,05/05/2023 07:00:12 AM
08/30/2020 12:00:00 AM,33,9679,05/05/2023 04:30:00 AM,05/05/2023 07:00:12 AM
09/02/2020 12:00:00 AM,82,9928,05/05/2023 04:30:00 AM,05/05/2023 07:00:12 AM
09/05/2020 12:00:00 AM,37,10135,05/05/2023 04:30:00 AM,05/05/2023 07:00:12 AM
09/08/2020 12:00:00 AM,68,10277,05/05/2023 04:30:00 AM,05/05/2023 07:00:12 AM
09/11/2020 12:00:00 AM,91,10490,05/05/2023 04:30:00 AM,05/05/2023 07:00:12 AM
09/14/2020 12:00:00 AM,95,10650,05/05/2023 04:30:00 AM,05/05/2023 07:00:12 AM
09/17/2020 12:00:00 AM,52,10855,05/05/2023 04:30:00 AM,05/05/2023 07:00:12 AM
09/20/2020 12:00:00 AM,18,10999,05/05/2023 04:30:00 AM,05/05/2023 07:00:12 AM
09/23/2020 12:00:00 AM,66,11170,05/05/2023 04:30:00 AM,05/05/2023 07:00:12 AM
09/26/2020 12:00:00 AM,20,11317,05/05/2023 04:30:00 AM,05/05/2023 07:00:12 AM
09/29/2020 12:00:00 AM,44,11443,05/05/2023 04:30:00 AM,05/05/2023 07:00:12 AM
10/02/2020 12:00:00 AM,23,11558,05/05/2023 04:30:00 AM,05/05/2023 07:00:12 AM
10/05/2020 12:00:00 AM,25,11616,05/05/2023 04:30:00 AM,05/05/2023 07:00:12 AM
10/08/2020 12:00:00 AM,38,11726,05/05/2023 04:30:00 AM,05/05/2023 07:00:12 AM
10/11/2020 12:00:00 AM,16,11797,05/05/2023 04:30:00 AM,05/05/2023 07:00:12 AM
10/14/2020 12:00:00 AM,32,11906,05/05/2023 04:30:00 AM,05/05/2023 07:00:12 AM
10/17/2020 12:00:00 AM,23,12009,05/05/2023 04:30:00 AM,05/05/2023 07:00:12 AM
10/20/2020 12:00:00 AM,42,12100,05/05/2023 04:30:00 AM,05/05/2023 07:00:12 AM
10/23/2020 12:00:00 AM,53,12238,05/05/2023 04:30:00 AM,05/05/2023 07:00:12 AM
10/26/2020 12:00:00 AM,49,12354,05/05/2023 04:30:00 AM,05/05/2023 07:00:12 AM
10/29/2020 12:00:00 AM,50,12542,05/05/2023 04:30:00 AM,05/05/2023 07:00:12 AM
11/01/2020 12:00:00 AM,34,12684,05/05/2023 04:30:00 AM,05/05/2023 07:00:12 AM
11/04/2020 12:00:00 AM,125,13005,05/05/2023 04:30:00 AM,05/05/2023 07:00:12 AM
11/07/2020 12:00:00 AM,65,13304,05/05/2023 04:30:00 AM,05/05/2023 07:00:12 AM
11/10/2020 12:00:00 AM,114,13576,05/05/2023 04:30:00 AM,05/05/2023 07:00:12 AM
11/13/2020 12:00:00 AM,107,13934,05/05/2023 04:30:00 AM,05/05/2023 07:00:12 AM
11/16/2020 12:00:00 AM,170,14240,05/05/2023 04:30:00 AM,05/05/2023 07:00:12 AM
11/19/2020 12:00:00 AM,170,14734,05/05/2023 04:30:00 AM,05/05/2023 07:00:12 AM
11/22/2020 12:00:00 AM,80,15071,05/05/2023 04:30:00 AM,05/05/2023 07:00:12 AM
11/25/2020 12:00:00 AM,162,15605,05/05/2023 04:30:00 AM,05/05/2023 07:00:12 AM
11/28/2020 12:00:00 AM,107,15890,05/05/2023 04:30:00 AM,05/05/2023 07:00:12 AM
12/01/2020 12:00:00 AM,305,16595,05/05/2023 04:30:00 AM,05/05/2023 07:00:12 AM
12/04/2020 12:00:00 AM,235,17416,05/05/2023 04:30:00 AM,05/05/2023 07:00:12 AM
12/07/2020 12:00:00 AM,324,17995,05/05/2023 04:30:00 AM,05/05/2023 07:00:12 AM
12/10/2020 12:00:00 AM,314,18929,05/05/2023 04:30:00 AM,05/05/2023 07:00:12 AM
12/13/2020 12:00:00 AM,127,19569,05/05/2023 04:30:00 AM,05/05/2023 07:00:12 AM
12/16/2020 12:00:00 AM,341,20660,05/05/2023 04:30:00 AM,05/05/2023 07:00:12 AM
12/19/2020 12:00:00 AM,126,21391,05/05/2023 04:30:00 AM,05/05/2023 07:00:12 AM
12/22/2020 12:00:00 AM,332,22148,05/05/2023 04:30:00 AM,05/05/2023 07:00:12 AM
12/25/2020 12:00:00 AM,70,22739,05/05/2023 04:30:00 AM,05/05/2023 07:00:12 AM
12/28/2020 12:00:00 AM,395,23507,05/05/2023 04:30:00 AM,05/05/2023 07:00:12 AM
12/31/2020 12:00:00 AM,276,24596,05/05/2023 04:30:00 AM,05/05/2023 07:00:12 AM
01/03/2021 12:00:00 AM,171,25071,05/05/2023 04:30:00 AM,05/05/2023 07:00:12 AM
01/06/2021 12:00:00 AM,391,26468,05/05/2023 04:30:00 AM,05/05/2023 07:00:12 AM
01/09/2021 12:00:00 AM,220,27493,05/05/2023 04:30:00 AM,05/05/2023 07:00:12 AM
01/12/2021 12:00:00 AM,290,28324,05/05/2023 04:30:00 AM,05/05/2023 07:00:12 AM
01/15/2021 12:00:00 AM,304,29258,05/05/2023 04:30:00 AM,05/05/2023 07:00:12 AM
01/18/2021 12:00:00 AM,177,29703,05/05/2023 04:30:00 AM,05/05/2023 07:00:12 AM
01/21/2021 12:00:00 AM,216,30359,05/05/2023 04:30:00 AM,05/05/2023 07:00:12 AM
01/24/2021 12:00:00 AM,92,30764,05/05/2023 04:30:00 AM,05/05/2023 07:00:12 AM
01/27/2021 12:00:00 AM,143,31250,05/05/2023 04:30:00 AM,05/05/2023 07:00:12 AM
01/30/2021 12:00:00 AM,141,31682,05/05/2023 04:30:00 AM,05/05/2023 07:00:12 AM
02/02/2021 12:00:00 AM,141,32085,05/05/2023 04:30:00 AM,05/05/2023 07:00:12 AM
02/05/2021 12:00:00 AM,149,32593,05/05/2023 04:30:00 AM,05/05/2023 07:00:12 AM
02/08/2021 12:00:00 AM,123,32864,05/05/2023 04:30:00 AM,05/05/2023 07:00:12 AM
02/11/2021 12:00:00 AM,110,33190,05/05/2023 04:30:00 AM,05/05/2023 07:00:12 AM
02/14/2021 12:00:00 AM,40,33365,05/05/2023 04:30:00 AM,05/05/2023 07:00:12 AM
02/17/2021 12:00:00 AM,81,33600,05/05/2023 04:30:00 AM,05/05/2023 07:00:12 AM
02/20/2021 12:00:00 AM,45,33792,05/05/2023 04:30:00 AM,05/05/2023 07:00:12 AM
02/23/2021 12:00:00 AM,73,33984,05/05/2023 04:30:00 AM,05/05/2023 07:00:12 AM
02/26/2021 12:00:00 AM,48,34147,05/05/2023 04:30:00 AM,05/05/2023 07:00:12 AM
03/01/2021 12:00:00 AM,45,34242,05/05/2023 04:30:00 AM,05/05/2023 07:00:12 AM
03/04/2021 12:00:00 AM,33,34356,05/05/2023 04:30:00 AM,05/05/2023 07:00:12 AM
03/07/2021 12:00:00 AM,20,34441,05/05/2023 04:30:00 AM,05/05/2023 07:00:12 AM
03/10/2021 12:00:00 AM,27,34542,05/05/2023 04:30:00 AM,05/05/2023 07:00:12 AM
03/13/2021 12:00:00 AM,21,34653,05/05/2023 04:30:00 AM,05/05/2023 07:00:12 AM
03/16/2021 12:00:00 AM,25,34731,05/05/2023 04:30:00 AM,05/05/2023 07:00:12 AM
03/19/2021 12:00:00 AM,49,34842,05/05/2023 04:30:00 AM,05/05/2023 07:00:12 AM
03/22/2021 12:00:00 AM,43,34936,05/05/2023 04:30:00 AM,05/05/2023 07:00:12 AM
03/25/2021 12:00:00 AM,45,35068,05/05/2023 04:30:00 AM,05/05/2023 07:00:12 AM
03/28/2021 12:00:00 AM,18,35152,05/05/2023 04:30:00 AM,05/05/2023 07:00:12 AM
03/31/2021 12:00:00 AM,52,35286,05/05/2023 04:30:00 AM,05/05/2023 07:00:12 AM
04/03/2021 12:00:00 AM,24,35382,05/05/2023 04:30:00 AM,05/05/2023 07:00:12 AM
04/06/2021 12:00:00 AM,34,35487,05/05/2023 04:30:00 AM,05/05/2023 07:00:12 AM
04/09/2021 12:00:00 AM,31,35605,05/05/2023 04:30:00 AM,05/05/2023 07:00:12 AM
04/12/2021 12:00:00 AM,40,35692,05/05/2023 04:30:00 AM,05/05/2023 07:00:12 AM
04/15/2021 12:00:00 AM,47,35817,05/05/2023 04:30:00 AM,05/05/2023 07:00:12 AM
04/18/2021 12:00:00 AM,15,35890,05/05/2023 04:30:00 AM,05/05/2023 07:00:12 AM
04/21/2021 12:00:00 AM,24,35985,05/05/2023 04:30:00 AM,05/05/2023 07:00:12 AM
04/24/2021 12:00:00 AM,16,36052,05/05/2023 04:30:00 AM,05/05/2023 07:00:12 AM
04/27/2021 12:00:00 AM,19,36126,05/05/2023 04:30:00 AM,05/05/2023 07:00:12 AM
04/30/2021 12:00:00 AM,31,36224,05/05/2023 04:30:00 AM,05/05/2023 07:00:12 AM
05/03/2021 12:00:00 AM,23,36275,05/05/2023 04:30:00 AM,05/05/2023 07:00:12 AM
05/06/2021 12:00:00 AM,22,36350,05/05/2023 04:30:00 AM,05/05/2023 07:00:12 AM
05/09/2021 12:00:00 AM,16,36400,05/05/2023 04:30:00 AM,05/05/2023 07:00:12 AM
05/12/2021 12:00:00 AM,19,36455,05/05/2023 04:30:00 AM,05/05/2023 07:00:12 AM
05/15/2021 12:00:00 AM,6,36502,05/05/2023 04:30:00 AM,05/05/2023 07:00:12 AM
05/18/2021 12:00:00 AM,17,36552,05/05/2023 04:30:00 AM,05/05/2023 07:00:12 AM
05/21/2021 12:00:00 AM,12,36610,05/05/2023 04:30:00 AM,05/05/2023 07:00:12 AM
05/24/2021 12:00:00 AM,16,36637,05/05/2023 04:30:00 AM,05/05/2023 07:00:12 AM
05/27/2021 12:00:00 AM,13,36688,05/05/2023 04:30:00 AM,05/05/2023 07:00:12 AM
05/30/2021 12:00:00 AM,12,36716,05/05/2023 04:30:00 AM,05/05/2023 07:00:12 AM
06/02/2021 12:00:00 AM,16,36768,05/05/2023 04:30:00 AM,05/05/2023 07:00:12 AM
06/05/2021 12:00:00 AM,8,36807,05/05/2023 04:30:00 AM,05/05/2023 07:00:12 AM
06/08/2021 12:00:00 AM,13,36836,05/05/2023 04:30:00 AM,05/05/2023 07:00:12 AM
06/11/2021 12:00:00 AM,10,36873,05/05/2023 04:30:00 AM,05/05/2023 07:00:12 AM
06/14/2021 12:00:00 AM,14,36899,05/05/2023 04:30:00 AM,05/05/2023 07:00:12 AM
06/17/2021 12:00:00 AM,16,36937,05/05/2023 04:30:00 AM,05/05/2023 07:00:12 AM
06/20/2021 12:00:00 AM,9,36958,05/05/2023 04:30:00 AM,05/05/2023 07:00:12 AM
06/23/2021 12:00:00 AM,13,37004,05/05/2023 04:30:00 AM,05/05/2023 07:00:12 AM
06/26/2021 12:00:00 AM,15,37051,05/05/2023 04:30:00 AM,05/05/2023 07:00:12 AM
06/29/2021 12:00:00 AM,41,37133,05/05/2023 04:30:00 AM,05/05/2023 07:00:12 AM
07/02/2021 12:00:00 AM,32,37248,05/05/2023 04:30:00 AM,05/05/2023 07:00:12 AM
07/05/2021 12:00:00 AM,18,37315,05/05/2023 04:30:00 AM,05/05/2023 07:00:12 AM
07/08/2021 12:00:00 AM,103,37574,05/05/2023 04:30:00 AM,05/05/2023 07:00:12 AM
07/11/2021 12:00:00 AM,57,37787,05/05/2023 04:30:00 AM,05/05/2023 07:00:12 AM
07/14/2021 12:00:00 AM,130,38146,05/05/2023 04:30:00 AM,05/05/2023 07:00:12 AM
07/17/2021 12:00:00 AM,107,38560,05/05/2023 04:30:00 AM,05/05/2023 07:00:12 AM
07/20/2021 12:00:00 AM,239,39063,05/05/2023 04:30:00 AM,05/05/2023 07:00:12 AM
07/23/2021 12:00:00 AM,228,39780,05/05/2023 04:30:00 AM,05/05/2023 07:00:12 AM
07/26/2021 12:00:00 AM,282,40321,05/05/2023 04:30:00 AM,05/05/2023 07:00:12 AM
07/29/2021 12:00:00 AM,448,41519,05/05/2023 04:30:00 AM,05/05/2023 07:00:12 AM
08/01/2021 12:00:00 AM,144,42140,05/05/2023 04:30:00 AM,05/05/2023 07:00:12 AM
08/04/2021 12:00:00 AM,327,43162,05/05/2023 04:30:00 AM,05/05/2023 07:00:12 AM
08/07/2021 12:00:00 AM,161,43871,05/05/2023 04:30:00 AM,05/05/2023 07:00:12 AM
08/10/2021 12:00:00 AM,252,44538,05/05/2023 04:30:00 AM,05/05/2023 07:00:12 AM
08/13/2021 12:00:00 AM,212,45260,05/05/2023 04:30:00 AM,05/05/2023 07:00:12 AM
08/16/2021 12:00:00 AM,242,45733,05/05/2023 04:30:00 AM,05/05/2023 07:00:12 AM
08/19/2021 12:00:00 AM,216,46370,05/05/2023 04:30:00 AM,05/05/2023 07:00:12 AM
08/22/2021 12:00:00 AM,82,46693,05/05/2023 04:30:00 AM,05/05/2023 07:00:12 AM
08/25/2021 12:00:00 AM,189,47225,05/05/2023 04:30:00 AM,05/05/2023 07:00:12 AM
08/28/2021 12:00:00 AM,73,47597,05/05/2023 04:30:00 AM,05/05/2023 07:00:12 AM
08/31/2021 12:00:00 AM,149,47956,05/05/2023 04:30:00 AM,05/05/2023 07:00:12 AM
09/03/2021 12:00:00 AM,111,48322,05/05/2023 04:30:00 AM,05/05/2023 07:00:12 AM
09/06/2021 12:00:00 AM,66,48511,05/05/2023 04:30:00 AM,05/05/2023 07:00:12 AM
09/09/2021 12:00:00 AM,150,48956,05/05/2023 04:30:00 AM,05/05/2023 07:00:12 AM
09/12/2021 12:00:00 AM,42,49192,05/05/2023 04:30:00 AM,05/05/2023 07:00:12 AM
09/15/2021 12:00:00 AM,135,49581,05/05/2023 04:30:00 AM,05/05/2023 07:00:12 AM
09/18/2021 12:00:00 AM,65,49870,05/05/2023 04:30:00 AM,05/05/2023 07:00:12 AM
09/21/2021 12:00:00 AM,96,50123,05/05/2023 04:30:00 AM,05/05/2023 07:00:12 AM
09/24/2021 12:00:00 AM,81,50403,05/05/2023 04:30:00 AM,05/05/2023 07:00:12 AM
09/27/2021 12:00:00 AM,118,50609,05/05/2023 04:30:00 AM,05/05/2023 07:00:12 AM
09/30/2021 12:00:00 AM,113,50913,05/05/2023 04:30:00 AM,05/05/2023 07:00:12 AM
10/03/2021 12:00:00 AM,39,51087,05/05/2023 04:30:00 AM,05/05/2023 07:00:12 AM
10/06/2021 12:00:00 AM,115,51374,05/05/2023 04:30:00 AM,05/05/2023 07:00:12 AM
10/09/2021 12:00:00 AM,36,51545,05/05/2023 04:30:00 AM,05/05/2023 07:00:12 AM
10/12/2021 12:00:00 AM,77,51711,05/05/2023 04:30:00 AM,05/05/2023 07:00:12 AM
10/15/2021 12:00:00 AM,61,51891,05/05/2023 04:30:00 AM,05/05/2023 07:00:12 AM
10/18/2021 12:00:00 AM,71,52020,05/05/2023 04:30:00 AM,05/05/2023 07:00:12 AM
10/21/2021 12:00:00 AM,60,52232,05/05/2023 04:30:00 AM,05/05/2023 07:00:12 AM
10/24/2021 12:00:00 AM,11,52329,05/05/2023 04:30:00 AM,05/05/2023 07:00:12 AM
10/27/2021 12:00:00 AM,91,52541,05/05/2023 04:30:00 AM,05/05/2023 07:00:12 AM
10/30/2021 12:00:00 AM,45,52703,05/05/2023 04:30:00 AM,05/05/2023 07:00:12 AM
11/02/2021 12:00:00 AM,81,52873,05/05/2023 04:30:00 AM,05/05/2023 07:00:12 AM
11/05/2021 12:00:00 AM,113,53211,05/05/2023 04:30:00 AM,05/05/2023 07:00:12 AM
11/08/2021 12:00:00 AM,78,53384,05/05/2023 04:30:00 AM,05/05/2023 07:00:12 AM
11/11/2021 12:00:00 AM,85,53601,05/05/2023 04:30:00 AM,05/05/2023 07:00:12 AM
11/14/2021 12:00:00 AM,28,53720,05/05/2023 04:30:00 AM,05/05/2023 07:00:12 AM
11/17/2021 12:00:00 AM,83,53946,05/05/2023 04:30:00 AM,05/05/2023 07:00:12 AM
11/20/2021 12:00:00 AM,45,54107,05/05/2023 04:30:00 AM,05/05/2023 07:00:12 AM
11/23/2021 12:00:00 AM,68,54274,05/05/2023 04:30:00 AM,05/05/2023 07:00:12 AM
11/26/2021 12:00:00 AM,45,54399,05/05/2023 04:30:00 AM,05/05/2023 07:00:12 AM
11/29/2021 12:00:00 AM,82,54550,05/05/2023 04:30:00 AM,05/05/2023 07:00:12 AM
12/02/2021 12:00:00 AM,92,54874,05/05/2023 04:30:00 AM,05/05/2023 07:00:12 AM
12/05/2021 12:00:00 AM,47,55057,05/05/2023 04:30:00 AM,05/05/2023 07:00:12 AM
12/08/2021 12:00:00 AM,110,55362,05/05/2023 04:30:00 AM,05/05/2023 07:00:12 AM
12/11/2021 12:00:00 AM,65,55617,05/05/2023 04:30:00 AM,05/05/2023 07:00:12 AM
12/14/2021 12:00:00 AM,229,56026,05/05/2023 04:30:00 AM,05/05/2023 07:00:12 AM
12/17/2021 12:00:00 AM,323,56958,05/05/2023 04:30:00 AM,05/05/2023 07:00:12 AM
12/20/2021 12:00:00 AM,609,58048,05/05/2023 04:30:00 AM,05/05/2023 07:00:12 AM
12/23/2021 12:00:00 AM,1120,61124,05/05/2023 04:30:00 AM,05/05/2023 07:00:12 AM
12/26/2021 12:00:00 AM,820,62611,05/05/2023 04:30:00 AM,05/05/2023 07:00:12 AM
12/29/2021 12:00:00 AM,1752,67897,05/05/2023 04:30:00 AM,05/05/2023 07:00:12 AM
01/01/2022 12:00:00 AM,303,71184,05/05/2023 04:30:00 AM,05/05/2023 07:00:12 AM
01/04/2022 12:00:00 AM,3056,78035,05/05/2023 04:30:00 AM,05/05/2023 07:00:12 AM
01/07/2022 12:00:00 AM,2468,86546,05/05/2023 04:30:00 AM,05/05/2023 07:00:12 AM
01/10/2022 12:00:00 AM,1716,90612,05/05/2023 04:30:00 AM,05/05/2023 07:00:12 AM
01/13/2022 12:00:00 AM,2070,96797,05/05/2023 04:30:00 AM,05/05/2023 07:00:12 AM
01/16/2022 12:00:00 AM,887,100673,05/05/2023 04:30:00 AM,05/05/2023 07:00:12 AM
01/19/2022 12:00:00 AM,1588,105547,05/05/2023 04:30:00 AM,05/05/2023 07:00:12 AM
01/22/2022 12:00:00 AM,719,108995,05/05/2023 04:30:00 AM,05/05/2023 07:00:12 AM
01/25/2022 12:00:00 AM,983,111640,05/05/2023 04:30:00 AM,05/05/2023 07:00:12 AM
01/28/2022 12:00:00 AM,608,113889,05/05/2023 04:30:00 AM,05/05/2023 07:00:12 AM
01/31/2022 12:00:00 AM,590,115071,05/05/2023 04:30:00 AM,05/05/2023 07:00:12 AM
02/03/2022 12:00:00 AM,432,116447,05/05/2023 04:30:00 AM,05/05/2023 07:00:12 AM
02/06/2022 12:00:00 AM,171,117190,05/05/2023 04:30:00 AM,05/05/2023 07:00:12 AM
02/09/2022 12:00:00 AM,353,118311,05/05/2023 04:30:00 AM,05/05/2023 07:00:12 AM
02/12/2022 12:00:00 AM,119,118934,05/05/2023 04:30:00 AM,05/05/2023 07:00:12 AM
02/15/2022 12:00:00 AM,204,119494,05/05/2023 04:30:00 AM,05/05/2023 07:00:12 AM
02/18/2022 12:00:00 AM,151,120044,05/05/2023 04:30:00 AM,05/05/2023 07:00:12 AM
02/21/2022 12:00:00 AM,132,120323,05/05/2023 04:30:00 AM,05/05/2023 07:00:12 AM
02/24/2022 12:00:00 AM,136,120769,05/05/2023 04:30:00 AM,05/05/2023 07:00:12 AM
02/27/2022 12:00:00 AM,60,121035,05/05/2023 04:30:00 AM,05/05/2023 07:00:12 AM
03/02/2022 12:00:00 AM,107,121404,05/05/2023 04:30:00 AM,05/05/2023 07:00:12 AM
03/05/2022 12:00:00 AM,58,121663,05/05/2023 04:30:00 AM,05/05/2023 07:00:12 AM
03/08/2022 12:00:00 AM,100,121913,05/05/2023 04:30:00 AM,05/05/2023 07:00:12 AM
03/11/2022 12:00:00 AM,85,122196,05/05/2023 04:30:00 AM,05/05/2023 07:00:12 AM
03/14/2022 12:00:00 AM,109,122404,05/05/2023 04:30:00 AM,05/05/2023 07:00:12 AM
03/17/2022 12:00:00 AM,93,122716,05/05/2023 04:30:00 AM,05/05/2023 07:00:12 AM
03/20/2022 12:00:00 AM,50,122911,05/05/2023 04:30:00 AM,05/05/2023 07:00:12 AM
03/23/2022 12:00:00 AM,134,123336,05/05/2023 04:30:00 AM,05/05/2023 07:00:12 AM
03/26/2022 12:00:00 AM,63,123620,05/05/2023 04:30:00 AM,05/05/2023 07:00:12 AM
03/29/2022 12:00:00 AM,151,124010,05/05/2023 04:30:00 AM,05/05/2023 07:00:12 AM
04/01/2022 12:00:00 AM,156,124457,05/05/2023 04:30:00 AM,05/05/2023 07:00:12 AM
04/04/2022 12:00:00 AM,224,124832,05/05/2023 04:30:00 AM,05/05/2023 07:00:12 AM
04/07/2022 12:00:00 AM,164,125386,05/05/2023 04:30:00 AM,05/05/2023 07:00:12 AM
04/10/2022 12:00:00 AM,92,125737,05/05/2023 04:30:00 AM,05/05/2023 07:00:12 AM
04/13/2022 12:00:00 AM,227,126390,05/05/2023 04:30:00 AM,05/05/2023 07:00:12 AM
04/16/2022 12:00:00 AM,140,126928,05/05/2023 04:30:00 AM,05/05/2023 07:00:12 AM
04/19/2022 12:00:00 AM,340,127666,05/05/2023 04:30:00 AM,05/05/2023 07:00:12 AM
04/22/2022 12:00:00 AM,237,128541,05/05/2023 04:30:00 AM,05/05/2023 07:00:12 AM
04/25/2022 12:00:00 AM,434,129268,05/05/2023 04:30:00 AM,05/05/2023 07:00:12 AM
04/28/2022 12:00:00 AM,374,130429,05/05/2023 04:30:00 AM,05/05/2023 07:00:12 AM
05/01/2022 12:00:00 AM,178,131115,05/05/2023 04:30:00 AM,05/05/2023 07:00:12 AM
05/04/2022 12:00:00 AM,510,132537,05/05/2023 04:30:00 AM,05/05/2023 07:00:12 AM
05/07/2022 12:00:00 AM,248,133639,05/05/2023 04:30:00 AM,05/05/2023 07:00:12 AM
05/10/2022 12:00:00 AM,597,135129,05/05/2023 04:30:00 AM,05/05/2023 07:00:12 AM
05/13/2022 12:00:00 AM,375,136631,05/05/2023 04:30:00 AM,05/05/2023 07:00:12 AM
05/16/2022 12:00:00 AM,710,137905,05/05/2023 04:30:00 AM,05/05/2023 07:00:12 AM
05/19/2022 12:00:00 AM,589,139825,05/05/2023 04:30:00 AM,05/05/2023 07:00:12 AM
05/22/2022 12:00:00 AM,234,140895,05/05/2023 04:30:00 AM,05/05/2023 07:00:12 AM
05/25/2022 12:00:00 AM,603,142754,05/05/2023 04:30:00 AM,05/05/2023 07:00:12 AM
05/28/2022 12:00:00 AM,308,144099,05/05/2023 04:30:00 AM,05/05/2023 07:00:12 AM
05/31/2022 12:00:00 AM,693,145431,05/05/2023 04:30:00 AM,05/05/2023 07:00:12 AM
06/03/2022 12:00:00 AM,466,147120,05/05/2023 04:30:00 AM,05/05/2023 07:00:12 AM
06/06/2022 12:00:00 AM,577,148258,05/05/2023 04:30:00 AM,05/05/2023 07:00:12 AM
06/09/2022 12:00:00 AM,506,149889,05/05/2023 04:30:00 AM,05/05/2023 07:00:12 AM
06/12/2022 12:00:00 AM,225,150825,05/05/2023 04:30:00 AM,05/05/2023 07:00:12 AM
06/15/2022 12:00:00 AM,517,152407,05/05/2023 04:30:00 AM,05/05/2023 07:00:12 AM
06/18/2022 12:00:00 AM,279,153609,05/05/2023 04:30:00 AM,05/05/2023 07:00:12 AM
06/21/2022 12:00:00 AM,614,155003,05/05/2023 04:30:00 AM,05/05/2023 07:00:12 AM
06/24/2022 12:00:00 AM,461,156513,05/05/2023 04:30:00 AM,05/05/2023 07:00:12 AM
06/27/2022 12:00:00 AM,635,157671,05/05/2023 04:30:00 AM,05/05/2023 07:00:12 AM
06/30/2022 12:00:00 AM,572,159372,05/05/2023 04:30:00 AM,05/05/2023 07:00:12 AM
07/03/2022 12:00:00 AM,213,160256,05/05/2023 04:30:00 AM,05/05/2023 07:00:12 AM
07/06/2022 12:00:00 AM,541,161791,05/05/2023 04:30:00 AM,05/05/2023 07:00:12 AM
07/09/2022 12:00:00 AM,258,162940,05/05/2023 04:30:00 AM,05/05/2023 07:00:12 AM
07/12/2022 12:00:00 AM,425,164098,05/05/2023 04:30:00 AM,05/05/2023 07:00:12 AM
07/15/2022 12:00:00 AM,388,165367,05/05/2023 04:30:00 AM,05/05/2023 07:00:12 AM
07/18/2022 12:00:00 AM,483,166229,05/05/2023 04:30:00 AM,05/05/2023 07:00:12 AM
07/21/2022 12:00:00 AM,379,167414,05/05/2023 04:30:00 AM,05/05/2023 07:00:12 AM
07/24/2022 12:00:00 AM,168,168115,05/05/2023 04:30:00 AM,05/05/2023 07:00:12 AM
07/27/2022 12:00:00 AM,293,169207,05/05/2023 04:30:00 AM,05/05/2023 07:00:12 AM
07/30/2022 12:00:00 AM,175,169915,05/05/2023 04:30:00 AM,05/05/2023 07:00:12 AM
08/02/2022 12:00:00 AM,274,170703,05/05/2023 04:30:00 AM,05/05/2023 07:00:12 AM
08/05/2022 12:00:00 AM,214,171409,05/05/2023 04:30:00 AM,05/05/2023 07:00:12 AM
08/08/2022 12:00:00 AM,290,171952,05/05/2023 04:30:00 AM,05/05/2023 07:00:12 AM
08/11/2022 12:00:00 AM,184,172642,05/05/2023 04:30:00 AM,05/05/2023 07:00:12 AM
08/14/2022 12:00:00 AM,94,173018,05/05/2023 04:30:00 AM,05/05/2023 07:00:12 AM
08/17/2022 12:00:00 AM,172,173603,05/05/2023 04:30:00 AM,05/05/2023 07:00:12 AM
08/20/2022 12:00:00 AM,126,174037,05/05/2023 04:30:00 AM,05/05/2023 07:00:12 AM
08/23/2022 12:00:00 AM,167,174512,05/05/2023 04:30:00 AM,05/05/2023 07:00:12 AM
08/26/2022 12:00:00 AM,147,174979,05/05/2023 04:30:00 AM,05/05/2023 07:00:12 AM
08/29/2022 12:00:00 AM,168,175284,05/05/2023 04:30:00 AM,05/05/2023 07:00:12 AM
09/01/2022 12:00:00 AM,105,175658,05/05/2023 04:30:00 AM,05/05/2023 07:00:12 AM
09/04/2022 12:00:00 AM,47,175906,05/05/2023 04:30:00 AM,05/05/2023 07:00:12 AM
09/07/2022 12:00:00 AM,148,176291,05/05/2023 04:30:00 AM,05/05/2023 07:00:12 AM
09/10/2022 12:00:00 AM,68,176590,05/05/2023 04:30:00 AM,05/05/2023 07:00:12 AM
09/13/2022 12:00:00 AM,123,176917,05/05/2023 04:30:00 AM,05/05/2023 07:00:12 AM
09/16/2022 12:00:00 AM,111,177227,05/05/2023 04:30:00 AM,05/05/2023 07:00:12 AM
09/19/2022 12:00:00 AM,143,177462,05/05/2023 04:30:00 AM,05/05/2023 07:00:12 AM
09/22/2022 12:00:00 AM,103,177765,05/05/2023 04:30:00 AM,05/05/2023 07:00:12 AM
09/25/2022 12:00:00 AM,63,177992,05/05/2023 04:30:00 AM,05/05/2023 07:00:12 AM
09/28/2022 12:00:00 AM,120,178327,05/05/2023 04:30:00 AM,05/05/2023 07:00:12 AM
10/01/2022 12:00:00 AM,55,178597,05/05/2023 04:30:00 AM,05/05/2023 07:00:12 AM
10/04/2022 12:00:00 AM,131,178911,05/05/2023 04:30:00 AM,05/05/2023 07:00:12 AM
10/07/2022 12:00:00 AM,79,179165,05/05/2023 04:30:00 AM,05/05/2023 07:00:12 AM
10/10/2022 12:00:00 AM,92,179367,05/05/2023 04:30:00 AM,05/05/2023 07:00:12 AM
10/13/2022 12:00:00 AM,87,179656,05/05/2023 04:30:00 AM,05/05/2023 07:00:12 AM
10/16/2022 12:00:00 AM,49,179837,05/05/2023 04:30:00 AM,05/05/2023 07:00:12 AM
10/19/2022 12:00:00 AM,87,180123,05/05/2023 04:30:00 AM,05/05/2023 07:00:12 AM
10/22/2022 12:00:00 AM,38,180294,05/05/2023 04:30:00 AM,05/05/2023 07:00:12 AM
10/25/2022 12:00:00 AM,119,180542,05/05/2023 04:30:00 AM,05/05/2023 07:00:12 AM
10/28/2022 12:00:00 AM,78,180801,05/05/2023 04:30:00 AM,05/05/2023 07:00:12 AM
10/31/2022 12:00:00 AM,139,181047,05/05/2023 04:30:00 AM,05/05/2023 07:00:12 AM
11/03/2022 12:00:00 AM,110,181377,05/05/2023 04:30:00 AM,05/05/2023 07:00:12 AM
11/06/2022 12:00:00 AM,64,181604,05/05/2023 04:30:00 AM,05/05/2023 07:00:12 AM
11/09/2022 12:00:00 AM,121,181984,05/05/2023 04:30:00 AM,05/05/2023 07:00:12 AM
11/12/2022 12:00:00 AM,72,182265,05/05/2023 04:30:00 AM,05/05/2023 07:00:12 AM
11/15/2022 12:00:00 AM,136,182585,05/05/2023 04:30:00 AM,05/05/2023 07:00:12 AM
11/18/2022 12:00:00 AM,124,183006,05/05/2023 04:30:00 AM,05/05/2023 07:00:12 AM
11/21/2022 12:00:00 AM,221,183397,05/05/2023 04:30:00 AM,05/05/2023 07:00:12 AM
11/24/2022 12:00:00 AM,64,183796,05/05/2023 04:30:00 AM,05/05/2023 07:00:12 AM
11/27/2022 12:00:00 AM,132,184208,05/05/2023 04:30:00 AM,05/05/2023 07:00:12 AM
11/30/2022 12:00:00 AM,244,185045,05/05/2023 04:30:00 AM,05/05/2023 07:00:12 AM
12/03/2022 12:00:00 AM,108,185583,05/05/2023 04:30:00 AM,05/05/2023 07:00:12 AM
12/06/2022 12:00:00 AM,258,186253,05/05/2023 04:30:00 AM,05/05/2023 07:00:12 AM
12/09/2022 12:00:00 AM,222,186934,05/05/2023 04:30:00 AM,05/05/2023 07:00:12 AM
12/12/2022 12:00:00 AM,285,187444,05/05/2023 04:30:00 AM,05/05/2023 07:00:12 AM
12/15/2022 12:00:00 AM,163,188049,05/05/2023 04:30:00 AM,05/05/2023 07:00:12 AM
12/18/2022 12:00:00 AM,97,188441,05/05/2023 04:30:00 AM,05/05/2023 07:00:12 AM
12/21/2022 12:00:00 AM,222,189119,05/05/2023 04:30:00 AM,05/05/2023 07:00:12 AM
12/24/2022 12:00:00 AM,92,189538,05/05/2023 04:30:00 AM,05/05/2023 07:00:12 AM
12/27/2022 12:00:00 AM,210,189957,05/05/2023 04:30:00 AM,05/05/2023 07:00:12 AM
12/30/2022 12:00:00 AM,155,190421,05/05/2023 04:30:00 AM,05/05/2023 07:00:12 AM
01/02/2023 12:00:00 AM,132,190661,05/05/2023 04:30:00 AM,05/05/2023 07:00:12 AM
01/05/2023 12:00:00 AM,101,191066,05/05/2023 04:30:00 AM,05/05/2023 07:00:12 AM
01/08/2023 12:00:00 AM,60,191359,05/05/2023 04:30:00 AM,05/05/2023 07:00:12 AM
01/11/2023 12:00:00 AM,90,191672,05/05/2023 04:30:00 AM,05/05/2023 07:00:12 AM
01/14/2023 12:00:00 AM,35,191851,05/05/2023 04:30:00 AM,05/05/2023 07:00:12 AM
01/17/2023 12:00:00 AM,82,192028,05/05/2023 04:30:00 AM,05/05/2023 07:00:12 AM
01/20/2023 12:00:00 AM,69,192241,05/05/2023 04:30:00 AM,05/05/2023 07:00:12 AM
01/23/2023 12:00:00 AM,80,192400,05/05/2023 04:30:00 AM,05/05/2023 07:00:12 AM
01/26/2023 12:00:00 AM,70,192612,05/05/2023 04:30:00 AM,05/05/2023 07:00:12 AM
01/29/2023 12:00:00 AM,41,192769,05/05/2023 04:30:00 AM,05/05/2023 07:00:12 AM
02/01/2023 12:00:00 AM,96,193050,05/05/2023 04:30:00 AM,05/05/2023 07:00:12 AM
02/04/2023 12:00:00 AM,36,193261,05/05/2023 04:30:00 AM,05/05/2023 07:00:12 AM
02/07/2023 12:00:00 AM,82,193504,05/05/2023 04:30:00 AM,05/05/2023 07:00:12 AM
02/10/2023 12:00:00 AM,111,193788,05/05/2023 04:30:00 AM,05/05/2023 07:00:12 AM
02/13/2023 12:00:00 AM,119,194022,05/05/2023 04:30:00 AM,05/05/2023 07:00:12 AM
02/16/2023 12:00:00 AM,95,194293,05/05/2023 04:30:00 AM,05/05/2023 07:00:12 AM
02/19/2023 12:00:00 AM,68,194522,05/05/2023 04:30:00 AM,05/05/2023 07:00:12 AM
02/22/2023 12:00:00 AM,111,194837,05/05/2023 04:30:00 AM,05/05/2023 07:00:12 AM
02/25/2023 12:00:00 AM,63,195128,05/05/2023 04:30:00 AM,05/05/2023 07:00:12 AM
02/28/2023 12:00:00 AM,113,195399,05/05/2023 04:30:00 AM,05/05/2023 07:00:12 AM
03/03/2023 12:00:00 AM,93,195668,05/05/2023 04:30:00 AM,05/05/2023 07:00:12 AM
03/06/2023 12:00:00 AM,100,195874,05/05/2023 04:30:00 AM,05/05/2023 07:00:12 AM
03/09/2023 12:00:00 AM,76,196140,05/05/2023 04:30:00 AM,05/05/2023 07:00:12 AM
03/12/2023 12:00:00 AM,34,196316,05/05/2023 04:30:00 AM,05/05/2023 07:00:12 AM
03/15/2023 12:00:00 AM,55,196595,05/05/2023 04:30:00 AM,05/05/2023 07:00:12 AM
03/18/2023 12:00:00 AM,43,196749,05/05/2023 04:30:00 AM,05/05/2023 07:00:12 AM
03/21/2023 12:00:00 AM,55,196927,05/05/2023 04:30:00 AM,05/05/2023 07:00:12 AM
03/24/2023 12:00:00 AM,50,197090,05/05/2023 04:30:00 AM,05/05/2023 07:00:12 AM
03/27/2023 12:00:00 AM,67,197241,05/05/2023 04:30:00 AM,05/05/2023 07:00:12 AM
03/30/2023 12:00:00 AM,64,197412,05/05/2023 04:30:00 AM,05/05/2023 07:00:12 AM
04/02/2023 12:00:00 AM,32,197521,05/05/2023 04:30:00 AM,05/05/2023 07:00:12 AM
04/05/2023 12:00:00 AM,55,197673,05/05/2023 04:30:00 AM,05/05/2023 07:00:12 AM
04/08/2023 12:00:00 AM,30,197778,05/05/2023 04:30:00 AM,05/05/2023 07:00:12 AM
04/11/2023 12:00:00 AM,41,197907,05/05/2023 04:30:00 AM,05/05/2023 07:00:12 AM
04/14/2023 12:00:00 AM,50,198072,05/05/2023 04:30:00 AM,05/05/2023 07:00:12 AM
04/17/2023 12:00:00 AM,40,198165,05/05/2023 04:30:00 AM,05/05/2023 07:00:12 AM
04/20/2023 12:00:00 AM,39,198323,05/05/2023 04:30:00 AM,05/05/2023 07:00:12 AM
04/23/2023 12:00:00 AM,27,198422,05/05/2023 04:30:00 AM,05/05/2023 07:00:12 AM
04/26/2023 12:00:00 AM,32,198564,05/05/2023 04:30:00 AM,05/05/2023 07:00:12 AM
04/29/2023 12:00:00 AM,19,198661,05/05/2023 04:30:00 AM,05/05/2023 07:00:12 AM
04/09/2022 12:00:00 AM,87,125645,05/05/2023 04:30:00 AM,05/05/2023 07:00:12 AM
04/12/2022 12:00:00 AM,210,126163,05/05/2023 04:30:00 AM,05/05/2023 07:00:12 AM
04/15/2022 12:00:00 AM,194,126788,05/05/2023 04:30:00 AM,05/05/2023 07:00:12 AM
04/18/2022 12:00:00 AM,294,127326,05/05/2023 04:30:00 AM,05/05/2023 07:00:12 AM
04/21/2022 12:00:00 AM,315,128304,05/05/2023 04:30:00 AM,05/05/2023 07:00:12 AM
04/24/2022 12:00:00 AM,134,128834,05/05/2023 04:30:00 AM,05/05/2023 07:00:12 AM
04/27/2022 12:00:00 AM,432,130055,05/05/2023 04:30:00 AM,05/05/2023 07:00:12 AM
04/30/2022 12:00:00 AM,210,130937,05/05/2023 04:30:00 AM,05/05/2023 07:00:12 AM
05/03/2022 12:00:00 AM,462,132027,05/05/2023 04:30:00 AM,05/05/2023 07:00:12 AM
05/06/2022 12:00:00 AM,419,133391,05/05/2023 04:30:00 AM,05/05/2023 07:00:12 AM
05/09/2022 12:00:00 AM,657,134532,05/05/2023 04:30:00 AM,05/05/2023 07:00:12 AM
05/12/2022 12:00:00 AM,547,136256,05/05/2023 04:30:00 AM,05/05/2023 07:00:12 AM
05/15/2022 12:00:00 AM,239,137195,05/05/2023 04:30:00 AM,05/05/2023 07:00:12 AM
05/18/2022 12:00:00 AM,617,139236,05/05/2023 04:30:00 AM,05/05/2023 07:00:12 AM
05/21/2022 12:00:00 AM,305,140661,05/05/2023 04:30:00 AM,05/05/2023 07:00:12 AM
05/24/2022 12:00:00 AM,581,142151,05/05/2023 04:30:00 AM,05/05/2023 07:00:12 AM
05/27/2022 12:00:00 AM,500,143791,05/05/2023 04:30:00 AM,05/05/2023 07:00:12 AM
05/30/2022 12:00:00 AM,390,144738,05/05/2023 04:30:00 AM,05/05/2023 07:00:12 AM
06/02/2022 12:00:00 AM,575,146654,05/05/2023 04:30:00 AM,05/05/2023 07:00:12 AM
06/05/2022 12:00:00 AM,238,147681,05/05/2023 04:30:00 AM,05/05/2023 07:00:12 AM
06/08/2022 12:00:00 AM,556,149383,05/05/2023 04:30:00 AM,05/05/2023 07:00:12 AM
06/11/2022 12:00:00 AM,285,150600,05/05/2023 04:30:00 AM,05/05/2023 07:00:12 AM
06/14/2022 12:00:00 AM,548,151890,05/05/2023 04:30:00 AM,05/05/2023 07:00:12 AM
06/17/2022 12:00:00 AM,478,153330,05/05/2023 04:30:00 AM,05/05/2023 07:00:12 AM
06/20/2022 12:00:00 AM,542,154389,05/05/2023 04:30:00 AM,05/05/2023 07:00:12 AM
06/23/2022 12:00:00 AM,526,156052,05/05/2023 04:30:00 AM,05/05/2023 07:00:12 AM
06/26/2022 12:00:00 AM,228,157036,05/05/2023 04:30:00 AM,05/05/2023 07:00:12 AM
06/29/2022 12:00:00 AM,530,158800,05/05/2023 04:30:00 AM,05/05/2023 07:00:12 AM
07/02/2022 12:00:00 AM,261,160043,05/05/2023 04:30:00 AM,05/05/2023 07:00:12 AM
07/05/2022 12:00:00 AM,691,161250,05/05/2023 04:30:00 AM,05/05/2023 07:00:12 AM
07/08/2022 12:00:00 AM,420,162682,05/05/2023 04:30:00 AM,05/05/2023 07:00:12 AM
07/11/2022 12:00:00 AM,560,163673,05/05/2023 04:30:00 AM,05/05/2023 07:00:12 AM
07/14/2022 12:00:00 AM,451,164979,05/05/2023 04:30:00 AM,05/05/2023 07:00:12 AM
07/17/2022 12:00:00 AM,164,165746,05/05/2023 04:30:00 AM,05/05/2023 07:00:12 AM
07/20/2022 12:00:00 AM,397,167035,05/05/2023 04:30:00 AM,05/05/2023 07:00:12 AM
07/23/2022 12:00:00 AM,181,167947,05/05/2023 04:30:00 AM,05/05/2023 07:00:12 AM
07/26/2022 12:00:00 AM,351,168914,05/05/2023 04:30:00 AM,05/05/2023 07:00:12 AM
07/29/2022 12:00:00 AM,259,169740,05/05/2023 04:30:00 AM,05/05/2023 07:00:12 AM
08/01/2022 12:00:00 AM,384,170429,05/05/2023 04:30:00 AM,05/05/2023 07:00:12 AM
08/04/2022 12:00:00 AM,218,171195,05/05/2023 04:30:00 AM,05/05/2023 07:00:12 AM
08/07/2022 12:00:00 AM,124,171662,05/05/2023 04:30:00 AM,05/05/2023 07:00:12 AM
08/10/2022 12:00:00 AM,270,172458,05/05/2023 04:30:00 AM,05/05/2023 07:00:12 AM
08/13/2022 12:00:00 AM,113,172924,05/05/2023 04:30:00 AM,05/05/2023 07:00:12 AM
08/16/2022 12:00:00 AM,184,173431,05/05/2023 04:30:00 AM,05/05/2023 07:00:12 AM
08/19/2022 12:00:00 AM,151,173911,05/05/2023 04:30:00 AM,05/05/2023 07:00:12 AM
08/22/2022 12:00:00 AM,208,174345,05/05/2023 04:30:00 AM,05/05/2023 07:00:12 AM
08/25/2022 12:00:00 AM,157,174832,05/05/2023 04:30:00 AM,05/05/2023 07:00:12 AM
08/28/2022 12:00:00 AM,56,175116,05/05/2023 04:30:00 AM,05/05/2023 07:00:12 AM
08/31/2022 12:00:00 AM,157,175553,05/05/2023 04:30:00 AM,05/05/2023 07:00:12 AM
09/03/2022 12:00:00 AM,64,175859,05/05/2023 04:30:00 AM,05/05/2023 07:00:12 AM
09/06/2022 12:00:00 AM,157,176143,05/05/2023 04:30:00 AM,05/05/2023 07:00:12 AM
09/09/2022 12:00:00 AM,116,176522,05/05/2023 04:30:00 AM,05/05/2023 07:00:12 AM
09/12/2022 12:00:00 AM,156,176794,05/05/2023 04:30:00 AM,05/05/2023 07:00:12 AM
09/15/2022 12:00:00 AM,98,177116,05/05/2023 04:30:00 AM,05/05/2023 07:00:12 AM
09/18/2022 12:00:00 AM,48,177319,05/05/2023 04:30:00 AM,05/05/2023 07:00:12 AM
09/21/2022 12:00:00 AM,104,177662,05/05/2023 04:30:00 AM,05/05/2023 07:00:12 AM
09/24/2022 12:00:00 AM,69,177929,05/05/2023 04:30:00 AM,05/05/2023 07:00:12 AM
09/27/2022 12:00:00 AM,90,178207,05/05/2023 04:30:00 AM,05/05/2023 07:00:12 AM
09/30/2022 12:00:00 AM,100,178542,05/05/2023 04:30:00 AM,05/05/2023 07:00:12 AM
10/03/2022 12:00:00 AM,133,178780,05/05/2023 04:30:00 AM,05/05/2023 07:00:12 AM
10/06/2022 12:00:00 AM,87,179086,05/05/2023 04:30:00 AM,05/05/2023 07:00:12 AM
10/09/2022 12:00:00 AM,49,179275,05/05/2023 04:30:00 AM,05/05/2023 07:00:12 AM
10/12/2022 12:00:00 AM,98,179569,05/05/2023 04:30:00 AM,05/05/2023 07:00:12 AM
10/15/2022 12:00:00 AM,46,179788,05/05/2023 04:30:00 AM,05/05/2023 07:00:12 AM
10/18/2022 12:00:00 AM,87,180036,05/05/2023 04:30:00 AM,05/05/2023 07:00:12 AM
10/21/2022 12:00:00 AM,61,180256,05/05/2023 04:30:00 AM,05/05/2023 07:00:12 AM
10/24/2022 12:00:00 AM,97,180423,05/05/2023 04:30:00 AM,05/05/2023 07:00:12 AM
10/27/2022 12:00:00 AM,81,180723,05/05/2023 04:30:00 AM,05/05/2023 07:00:12 AM
10/30/2022 12:00:00 AM,51,180908,05/05/2023 04:30:00 AM,05/05/2023 07:00:12 AM
11/02/2022 12:00:00 AM,119,181267,05/05/2023 04:30:00 AM,05/05/2023 07:00:12 AM
11/05/2022 12:00:00 AM,51,181540,05/05/2023 04:30:00 AM,05/05/2023 07:00:12 AM
11/08/2022 12:00:00 AM,105,181863,05/05/2023 04:30:00 AM,05/05/2023 07:00:12 AM
11/11/2022 12:00:00 AM,96,182193,05/05/2023 04:30:00 AM,05/05/2023 07:00:12 AM
11/14/2022 12:00:00 AM,122,182449,05/05/2023 04:30:00 AM,05/05/2023 07:00:12 AM
11/17/2022 12:00:00 AM,144,182882,05/05/2023 04:30:00 AM,05/05/2023 07:00:12 AM
11/20/2022 12:00:00 AM,68,183176,05/05/2023 04:30:00 AM,05/05/2023 07:00:12 AM
11/23/2022 12:00:00 AM,150,183732,05/05/2023 04:30:00 AM,05/05/2023 07:00:12 AM
11/26/2022 12:00:00 AM,121,184076,05/05/2023 04:30:00 AM,05/05/2023 07:00:12 AM
11/29/2022 12:00:00 AM,270,184801,05/05/2023 04:30:00 AM,05/05/2023 07:00:12 AM
12/02/2022 12:00:00 AM,208,185475,05/05/2023 04:30:00 AM,05/05/2023 07:00:12 AM
12/05/2022 12:00:00 AM,303,185995,05/05/2023 04:30:00 AM,05/05/2023 07:00:12 AM
12/08/2022 12:00:00 AM,219,186712,05/05/2023 04:30:00 AM,05/05/2023 07:00:12 AM
12/11/2022 12:00:00 AM,128,187159,05/05/2023 04:30:00 AM,05/05/2023 07:00:12 AM
12/14/2022 12:00:00 AM,227,187886,05/05/2023 04:30:00 AM,05/05/2023 07:00:12 AM
12/17/2022 12:00:00 AM,98,188344,05/05/2023 04:30:00 AM,05/05/2023 07:00:12 AM
12/20/2022 12:00:00 AM,180,188897,05/05/2023 04:30:00 AM,05/05/2023 07:00:12 AM
12/23/2022 12:00:00 AM,166,189446,05/05/2023 04:30:00 AM,05/05/2023 07:00:12 AM
12/26/2022 12:00:00 AM,168,189747,05/05/2023 04:30:00 AM,05/05/2023 07:00:12 AM
12/29/2022 12:00:00 AM,144,190266,05/05/2023 04:30:00 AM,05/05/2023 07:00:12 AM
01/01/2023 12:00:00 AM,39,190529,05/05/2023 04:30:00 AM,05/05/2023 07:00:12 AM
01/04/2023 12:00:00 AM,105,190965,05/05/2023 04:30:00 AM,05/05/2023 07:00:12 AM
01/07/2023 12:00:00 AM,72,191299,05/05/2023 04:30:00 AM,05/05/2023 07:00:12 AM
01/10/2023 12:00:00 AM,87,191582,05/05/2023 04:30:00 AM,05/05/2023 07:00:12 AM
01/13/2023 12:00:00 AM,80,191816,05/05/2023 04:30:00 AM,05/05/2023 07:00:12 AM
01/16/2023 12:00:00 AM,59,191946,05/05/2023 04:30:00 AM,05/05/2023 07:00:12 AM
01/19/2023 12:00:00 AM,71,192172,05/05/2023 04:30:00 AM,05/05/2023 07:00:12 AM
01/22/2023 12:00:00 AM,41,192320,05/05/2023 04:30:00 AM,05/05/2023 07:00:12 AM
01/25/2023 12:00:00 AM,72,192542,05/05/2023 04:30:00 AM,05/05/2023 07:00:12 AM
01/28/2023 12:00:00 AM,34,192728,05/05/2023 04:30:00 AM,05/05/2023 07:00:12 AM
01/31/2023 12:00:00 AM,87,192954,05/05/2023 04:30:00 AM,05/05/2023 07:00:12 AM
02/03/2023 12:00:00 AM,96,193225,05/05/2023 04:30:00 AM,05/05/2023 07:00:12 AM
02/06/2023 12:00:00 AM,109,193422,05/05/2023 04:30:00 AM,05/05/2023 07:00:12 AM
02/09/2023 12:00:00 AM,88,193677,05/05/2023 04:30:00 AM,05/05/2023 07:00:12 AM
02/12/2023 12:00:00 AM,60,193903,05/05/2023 04:30:00 AM,05/05/2023 07:00:12 AM
02/15/2023 12:00:00 AM,90,194198,05/05/2023 04:30:00 AM,05/05/2023 07:00:12 AM
02/18/2023 12:00:00 AM,67,194454,05/05/2023 04:30:00 AM,05/05/2023 07:00:12 AM
02/21/2023 12:00:00 AM,123,194726,05/05/2023 04:30:00 AM,05/05/2023 07:00:12 AM
02/24/2023 12:00:00 AM,117,195065,05/05/2023 04:30:00 AM,05/05/2023 07:00:12 AM
02/27/2023 12:00:00 AM,107,195286,05/05/2023 04:30:00 AM,05/05/2023 07:00:12 AM
03/02/2023 12:00:00 AM,78,195575,05/05/2023 04:30:00 AM,05/05/2023 07:00:12 AM
03/05/2023 12:00:00 AM,52,195774,05/05/2023 04:30:00 AM,05/05/2023 07:00:12 AM
03/08/2023 12:00:00 AM,83,196064,05/05/2023 04:30:00 AM,05/05/2023 07:00:12 AM
03/11/2023 12:00:00 AM,48,196282,05/05/2023 04:30:00 AM,05/05/2023 07:00:12 AM
03/14/2023 12:00:00 AM,98,196540,05/05/2023 04:30:00 AM,05/05/2023 07:00:12 AM
03/17/2023 12:00:00 AM,49,196706,05/05/2023 04:30:00 AM,05/05/2023 07:00:12 AM
03/20/2023 12:00:00 AM,90,196872,05/05/2023 04:30:00 AM,05/05/2023 07:00:12 AM
03/23/2023 12:00:00 AM,68,197040,05/05/2023 04:30:00 AM,05/05/2023 07:00:12 AM
03/26/2023 12:00:00 AM,43,197174,05/05/2023 04:30:00 AM,05/05/2023 07:00:12 AM
03/29/2023 12:00:00 AM,47,197348,05/05/2023 04:30:00 AM,05/05/2023 07:00:12 AM
04/01/2023 12:00:00 AM,38,197489,05/05/2023 04:30:00 AM,05/05/2023 07:00:12 AM
04/04/2023 12:00:00 AM,54,197618,05/05/2023 04:30:00 AM,05/05/2023 07:00:12 AM
04/07/2023 12:00:00 AM,34,197748,05/05/2023 04:30:00 AM,05/05/2023 07:00:12 AM
04/10/2023 12:00:00 AM,67,197866,05/05/2023 04:30:00 AM,05/05/2023 07:00:12 AM
04/13/2023 12:00:00 AM,54,198022,05/05/2023 04:30:00 AM,05/05/2023 07:00:12 AM
04/16/2023 12:00:00 AM,28,198125,05/05/2023 04:30:00 AM,05/05/2023 07:00:12 AM
04/19/2023 12:00:00 AM,57,198284,05/05/2023 04:30:00 AM,05/05/2023 07:00:12 AM
04/22/2023 12:00:00 AM,24,198395,05/05/2023 04:30:00 AM,05/05/2023 07:00:12 AM
04/25/2023 12:00:00 AM,52,198532,05/05/2023 04:30:00 AM,05/05/2023 07:00:12 AM
04/28/2023 12:00:00 AM,41,198642,05/05/2023 04:30:00 AM,05/05/2023 07:00:12 AM
04/08/2022 12:00:00 AM,172,125558,05/05/2023 04:30:00 AM,05/05/2023 07:00:12 AM
04/11/2022 12:00:00 AM,216,125953,05/05/2023 04:30:00 AM,05/05/2023 07:00:12 AM
04/14/2022 12:00:00 AM,204,126594,05/05/2023 04:30:00 AM,05/05/2023 07:00:12 AM
04/17/2022 12:00:00 AM,104,127032,05/05/2023 04:30:00 AM,05/05/2023 07:00:12 AM
04/20/2022 12:00:00 AM,323,127989,05/05/2023 04:30:00 AM,05/05/2023 07:00:12 AM
04/23/2022 12:00:00 AM,159,128700,05/05/2023 04:30:00 AM,05/05/2023 07:00:12 AM
04/26/2022 12:00:00 AM,355,129623,05/05/2023 04:30:00 AM,05/05/2023 07:00:12 AM
04/29/2022 12:00:00 AM,298,130727,05/05/2023 04:30:00 AM,05/05/2023 07:00:12 AM
05/02/2022 12:00:00 AM,450,131565,05/05/2023 04:30:00 AM,05/05/2023 07:00:12 AM
05/05/2022 12:00:00 AM,435,132972,05/05/2023 04:30:00 AM,05/05/2023 07:00:12 AM
05/08/2022 12:00:00 AM,236,133875,05/05/2023 04:30:00 AM,05/05/2023 07:00:12 AM
05/11/2022 12:00:00 AM,580,135709,05/05/2023 04:30:00 AM,05/05/2023 07:00:12 AM
05/14/2022 12:00:00 AM,325,136956,05/05/2023 04:30:00 AM,05/05/2023 07:00:12 AM
05/17/2022 12:00:00 AM,714,138619,05/05/2023 04:30:00 AM,05/05/2023 07:00:12 AM
05/20/2022 12:00:00 AM,531,140356,05/05/2023 04:30:00 AM,05/05/2023 07:00:12 AM
05/23/2022 12:00:00 AM,675,141570,05/05/2023 04:30:00 AM,05/05/2023 07:00:12 AM
05/26/2022 12:00:00 AM,537,143291,05/05/2023 04:30:00 AM,05/05/2023 07:00:12 AM
05/29/2022 12:00:00 AM,249,144348,05/05/2023 04:30:00 AM,05/05/2023 07:00:12 AM
06/01/2022 12:00:00 AM,648,146079,05/05/2023 04:30:00 AM,05/05/2023 07:00:12 AM
06/04/2022 12:00:00 AM,323,147443,05/05/2023 04:30:00 AM,05/05/2023 07:00:12 AM
06/07/2022 12:00:00 AM,569,148827,05/05/2023 04:30:00 AM,05/05/2023 07:00:12 AM
06/10/2022 12:00:00 AM,426,150315,05/05/2023 04:30:00 AM,05/05/2023 07:00:12 AM
06/13/2022 12:00:00 AM,517,151342,05/05/2023 04:30:00 AM,05/05/2023 07:00:12 AM
06/16/2022 12:00:00 AM,445,152852,05/05/2023 04:30:00 AM,05/05/2023 07:00:12 AM
06/19/2022 12:00:00 AM,238,153847,05/05/2023 04:30:00 AM,05/05/2023 07:00:12 AM
06/22/2022 12:00:00 AM,523,155526,05/05/2023 04:30:00 AM,05/05/2023 07:00:12 AM
06/25/2022 12:00:00 AM,295,156808,05/05/2023 04:30:00 AM,05/05/2023 07:00:12 AM
06/28/2022 12:00:00 AM,599,158270,05/05/2023 04:30:00 AM,05/05/2023 07:00:12 AM
07/01/2022 12:00:00 AM,410,159782,05/05/2023 04:30:00 AM,05/05/2023 07:00:12 AM
07/04/2022 12:00:00 AM,303,160559,05/05/2023 04:30:00 AM,05/05/2023 07:00:12 AM
07/07/2022 12:00:00 AM,471,162262,05/05/2023 04:30:00 AM,05/05/2023 07:00:12 AM
07/10/2022 12:00:00 AM,173,163113,05/05/2023 04:30:00 AM,05/05/2023 07:00:12 AM
07/13/2022 12:00:00 AM,430,164528,05/05/2023 04:30:00 AM,05/05/2023 07:00:12 AM
07/16/2022 12:00:00 AM,215,165582,05/05/2023 04:30:00 AM,05/05/2023 07:00:12 AM
07/19/2022 12:00:00 AM,409,166638,05/05/2023 04:30:00 AM,05/05/2023 07:00:12 AM
07/22/2022 12:00:00 AM,352,167766,05/05/2023 04:30:00 AM,05/05/2023 07:00:12 AM
07/25/2022 12:00:00 AM,448,168563,05/05/2023 04:30:00 AM,05/05/2023 07:00:12 AM
07/28/2022 12:00:00 AM,274,169481,05/05/2023 04:30:00 AM,05/05/2023 07:00:12 AM
07/31/2022 12:00:00 AM,130,170045,05/05/2023 04:30:00 AM,05/05/2023 07:00:12 AM
08/03/2022 12:00:00 AM,274,170977,05/05/2023 04:30:00 AM,05/05/2023 07:00:12 AM
08/06/2022 12:00:00 AM,129,171538,05/05/2023 04:30:00 AM,05/05/2023 07:00:12 AM
08/09/2022 12:00:00 AM,236,172188,05/05/2023 04:30:00 AM,05/05/2023 07:00:12 AM
08/12/2022 12:00:00 AM,169,172811,05/05/2023 04:30:00 AM,05/05/2023 07:00:12 AM
08/15/2022 12:00:00 AM,229,173247,05/05/2023 04:30:00 AM,05/05/2023 07:00:12 AM
08/18/2022 12:00:00 AM,157,173760,05/05/2023 04:30:00 AM,05/05/2023 07:00:12 AM
08/21/2022 12:00:00 AM,100,174137,05/05/2023 04:30:00 AM,05/05/2023 07:00:12 AM
08/24/2022 12:00:00 AM,163,174675,05/05/2023 04:30:00 AM,05/05/2023 07:00:12 AM
08/27/2022 12:00:00 AM,81,175060,05/05/2023 04:30:00 AM,05/05/2023 07:00:12 AM
08/30/2022 12:00:00 AM,112,175396,05/05/2023 04:30:00 AM,05/05/2023 07:00:12 AM
09/02/2022 12:00:00 AM,137,175795,05/05/2023 04:30:00 AM,05/05/2023 07:00:12 AM
09/05/2022 12:00:00 AM,80,175986,05/05/2023 04:30:00 AM,05/05/2023 07:00:12 AM
09/08/2022 12:00:00 AM,115,176406,05/05/2023 04:30:00 AM,05/05/2023 07:00:12 AM
09/11/2022 12:00:00 AM,48,176638,05/05/2023 04:30:00 AM,05/05/2023 07:00:12 AM
09/14/2022 12:00:00 AM,101,177018,05/05/2023 04:30:00 AM,05/05/2023 07:00:12 AM
09/17/2022 12:00:00 AM,44,177271,05/05/2023 04:30:00 AM,05/05/2023 07:00:12 AM
09/20/2022 12:00:00 AM,96,177558,05/05/2023 04:30:00 AM,05/05/2023 07:00:12 AM
09/23/2022 12:00:00 AM,95,177860,05/05/2023 04:30:00 AM,05/05/2023 07:00:12 AM
09/26/2022 12:00:00 AM,125,178117,05/05/2023 04:30:00 AM,05/05/2023 07:00:12 AM
09/29/2022 12:00:00 AM,115,178442,05/05/2023 04:30:00 AM,05/05/2023 07:00:12 AM
10/02/2022 12:00:00 AM,50,178647,05/05/2023 04:30:00 AM,05/05/2023 07:00:12 AM
10/05/2022 12:00:00 AM,88,178999,05/05/2023 04:30:00 AM,05/05/2023 07:00:12 AM
10/08/2022 12:00:00 AM,61,179226,05/05/2023 04:30:00 AM,05/05/2023 07:00:12 AM
10/11/2022 12:00:00 AM,104,179471,05/05/2023 04:30:00 AM,05/05/2023 07:00:12 AM
10/14/2022 12:00:00 AM,86,179742,05/05/2023 04:30:00 AM,05/05/2023 07:00:12 AM
10/17/2022 12:00:00 AM,112,179949,05/05/2023 04:30:00 AM,05/05/2023 07:00:12 AM
10/20/2022 12:00:00 AM,72,180195,05/05/2023 04:30:00 AM,05/05/2023 07:00:12 AM
10/23/2022 12:00:00 AM,32,180326,05/05/2023 04:30:00 AM,05/05/2023 07:00:12 AM
10/26/2022 12:00:00 AM,100,180642,05/05/2023 04:30:00 AM,05/05/2023 07:00:12 AM
10/29/2022 12:00:00 AM,56,180857,05/05/2023 04:30:00 AM,05/05/2023 07:00:12 AM
11/01/2022 12:00:00 AM,101,181148,05/05/2023 04:30:00 AM,05/05/2023 07:00:12 AM
11/04/2022 12:00:00 AM,112,181489,05/05/2023 04:30:00 AM,05/05/2023 07:00:12 AM
11/07/2022 12:00:00 AM,154,181758,05/05/2023 04:30:00 AM,05/05/2023 07:00:12 AM
11/10/2022 12:00:00 AM,113,182097,05/05/2023 04:30:00 AM,05/05/2023 07:00:12 AM
11/13/2022 12:00:00 AM,62,182327,05/05/2023 04:30:00 AM,05/05/2023 07:00:12 AM
11/16/2022 12:00:00 AM,153,182738,05/05/2023 04:30:00 AM,05/05/2023 07:00:12 AM
11/19/2022 12:00:00 AM,102,183108,05/05/2023 04:30:00 AM,05/05/2023 07:00:12 AM
11/22/2022 12:00:00 AM,185,183582,05/05/2023 04:30:00 AM,05/05/2023 07:00:12 AM
11/25/2022 12:00:00 AM,159,183955,05/05/2023 04:30:00 AM,05/05/2023 07:00:12 AM
11/28/2022 12:00:00 AM,323,184531,05/05/2023 04:30:00 AM,05/05/2023 07:00:12 AM
12/01/2022 12:00:00 AM,222,185267,05/05/2023 04:30:00 AM,05/05/2023 07:00:12 AM
12/04/2022 12:00:00 AM,109,185692,05/05/2023 04:30:00 AM,05/05/2023 07:00:12 AM
12/07/2022 12:00:00 AM,240,186493,05/05/2023 04:30:00 AM,05/05/2023 07:00:12 AM
12/10/2022 12:00:00 AM,97,187031,05/05/2023 04:30:00 AM,05/05/2023 07:00:12 AM
12/13/2022 12:00:00 AM,215,187659,05/05/2023 04:30:00 AM,05/05/2023 07:00:12 AM
12/16/2022 12:00:00 AM,197,188246,05/05/2023 04:30:00 AM,05/05/2023 07:00:12 AM
12/19/2022 12:00:00 AM,276,188717,05/05/2023 04:30:00 AM,05/05/2023 07:00:12 AM
12/22/2022 12:00:00 AM,161,189280,05/05/2023 04:30:00 AM,05/05/2023 07:00:12 AM
12/25/2022 12:00:00 AM,41,189579,05/05/2023 04:30:00 AM,05/05/2023 07:00:12 AM
12/28/2022 12:00:00 AM,165,190122,05/05/2023 04:30:00 AM,05/05/2023 07:00:12 AM
12/31/2022 12:00:00 AM,69,190490,05/05/2023 04:30:00 AM,05/05/2023 07:00:12 AM
01/03/2023 12:00:00 AM,199,190860,05/05/2023 04:30:00 AM,05/05/2023 07:00:12 AM
01/06/2023 12:00:00 AM,161,191227,05/05/2023 04:30:00 AM,05/05/2023 07:00:12 AM
01/09/2023 12:00:00 AM,136,191495,05/05/2023 04:30:00 AM,05/05/2023 07:00:12 AM
01/12/2023 12:00:00 AM,64,191736,05/05/2023 04:30:00 AM,05/05/2023 07:00:12 AM
01/15/2023 12:00:00 AM,36,191887,05/05/2023 04:30:00 AM,05/05/2023 07:00:12 AM
01/18/2023 12:00:00 AM,73,192101,05/05/2023 04:30:00 AM,05/05/2023 07:00:12 AM
01/21/2023 12:00:00 AM,38,192279,05/05/2023 04:30:00 AM,05/05/2023 07:00:12 AM
01/24/2023 12:00:00 AM,70,192470,05/05/2023 04:30:00 AM,05/05/2023 07:00:12 AM
01/27/2023 12:00:00 AM,82,192694,05/05/2023 04:30:00 AM,05/05/2023 07:00:12 AM
01/30/2023 12:00:00 AM,98,192867,05/05/2023 04:30:00 AM,05/05/2023 07:00:12 AM
02/02/2023 12:00:00 AM,79,193129,05/05/2023 04:30:00 AM,05/05/2023 07:00:12 AM
02/05/2023 12:00:00 AM,52,193313,05/05/2023 04:30:00 AM,05/05/2023 07:00:12 AM
02/08/2023 12:00:00 AM,85,193589,05/05/2023 04:30:00 AM,05/05/2023 07:00:12 AM
02/11/2023 12:00:00 AM,55,193843,05/05/2023 04:30:00 AM,05/05/2023 07:00:12 AM
02/14/2023 12:00:00 AM,86,194108,05/05/2023 04:30:00 AM,05/05/2023 07:00:12 AM
02/17/2023 12:00:00 AM,94,194387,05/05/2023 04:30:00 AM,05/05/2023 07:00:12 AM
02/20/2023 12:00:00 AM,81,194603,05/05/2023 04:30:00 AM,05/05/2023 07:00:12 AM
02/23/2023 12:00:00 AM,111,194948,05/05/2023 04:30:00 AM,05/05/2023 07:00:12 AM
02/26/2023 12:00:00 AM,51,195179,05/05/2023 04:30:00 AM,05/05/2023 07:00:12 AM
03/01/2023 12:00:00 AM,98,195497,05/05/2023 04:30:00 AM,05/05/2023 07:00:12 AM
03/04/2023 12:00:00 AM,54,195722,05/05/2023 04:30:00 AM,05/05/2023 07:00:12 AM
03/07/2023 12:00:00 AM,107,195981,05/05/2023 04:30:00 AM,05/05/2023 07:00:12 AM
03/10/2023 12:00:00 AM,94,196234,05/05/2023 04:30:00 AM,05/05/2023 07:00:12 AM
03/13/2023 12:00:00 AM,126,196442,05/05/2023 04:30:00 AM,05/05/2023 07:00:12 AM
03/16/2023 12:00:00 AM,62,196657,05/05/2023 04:30:00 AM,05/05/2023 07:00:12 AM
03/19/2023 12:00:00 AM,33,196782,05/05/2023 04:30:00 AM,05/05/2023 07:00:12 AM
03/22/2023 12:00:00 AM,45,196972,05/05/2023 04:30:00 AM,05/05/2023 07:00:12 AM
03/25/2023 12:00:00 AM,41,197131,05/05/2023 04:30:00 AM,05/05/2023 07:00:12 AM
03/28/2023 12:00:00 AM,60,197301,05/05/2023 04:30:00 AM,05/05/2023 07:00:12 AM
03/31/2023 12:00:00 AM,39,197451,05/05/2023 04:30:00 AM,05/05/2023 07:00:12 AM
04/03/2023 12:00:00 AM,43,197564,05/05/2023 04:30:00 AM,05/05/2023 07:00:12 AM
04/06/2023 12:00:00 AM,41,197714,05/05/2023 04:30:00 AM,05/05/2023 07:00:12 AM
04/09/2023 12:00:00 AM,21,197799,05/05/2023 04:30:00 AM,05/05/2023 07:00:12 AM
04/12/2023 12:00:00 AM,61,197968,05/05/2023 04:30:00 AM,05/05/2023 07:00:12 AM
04/15/2023 12:00:00 AM,25,198097,05/05/2023 04:30:00 AM,05/05/2023 07:00:12 AM
04/18/2023 12:00:00 AM,62,198227,05/05/2023 04:30:00 AM,05/05/2023 07:00:12 AM
04/21/2023 12:00:00 AM,48,198371,05/05/2023 04:30:00 AM,05/05/2023 07:00:12 AM
04/24/2023 12:00:00 AM,58,198480,05/05/2023 04:30:00 AM,05/05/2023 07:00:12 AM
04/27/2023 12:00:00 AM,37,198601,05/05/2023 04:30:00 AM,05/05/2023 07:00:12 AM
04/30/2023 12:00:00 AM,23,198684,05/05/2023 04:30:00 AM,05/05/2023 07:00:12 AM
