,date,cases,new_cases,recovered,death,7_day_incidence,rel_change_in_7_day_incidence
0,2023-02-18,,,,,69.0,
1,2023-02-17,1424031.0,497.0,1411060.0,5508.0,73.3,14.0
2,2023-02-16,1423534.0,430.0,1410680.0,5520.0,71.3,12.5
3,2023-02-15,1423104.0,552.0,1410348.0,5522.0,70.8,10.0
4,2023-02-14,1422552.0,519.0,1409947.0,5510.0,71.7,7.6
5,2023-02-13,1422033.0,,1409400.0,5495.0,65.5,5.1
6,2023-02-12,,,,,65.5,4.1
7,2023-02-11,,,,,65.1,2.8
8,2023-02-10,1421288.0,427.0,1408576.0,5493.0,61.4,1.4
9,2023-02-09,1420861.0,400.0,1408220.0,5490.0,60.7,0.5
10,2023-02-08,1420461.0,533.0,1407781.0,5472.0,58.1,0.8
11,2023-02-07,1419928.0,472.0,1407202.0,5468.0,60.0,1.2
12,2023-02-06,1419456.0,,1406691.0,5459.0,59.5,0.6
13,2023-02-05,,,,,59.8,-1.2
14,2023-02-04,,,,,59.9,-2.7
15,2023-02-03,1418961.0,399.0,1405552.0,5451.0,59.3,-4.2
16,2023-02-02,1418562.0,260.0,1404956.0,5446.0,61.9,-4.6
17,2023-02-01,1418302.0,447.0,1404201.0,5444.0,60.6,-7.4
18,2023-01-31,1417855.0,551.0,1403316.0,5429.0,58.1,-11.2
19,2023-01-30,1417304.0,,1402274.0,5428.0,59.0,-13.7
20,2023-01-29,,,,,58.7,-18.4
21,2023-01-28,,,,,58.5,-21.2
22,2023-01-27,1416760.0,411.0,1400759.0,5424.0,60.5,-22.5
23,2023-01-26,1416349.0,470.0,1399779.0,5421.0,57.4,-25.0
24,2023-01-25,1415879.0,392.0,1398587.0,5409.0,59.6,-27.7
25,2023-01-24,1415487.0,440.0,1397216.0,5400.0,60.7,-30.9
26,2023-01-23,1415047.0,,1394838.0,5396.0,64.7,-35.2
27,2023-01-22,,,,,64.7,-38.7
28,2023-01-21,,,,,65.1,-39.4
29,2023-01-20,1414484.0,426.0,1394353.0,5392.0,63.7,-38.2
30,2023-01-19,1414058.0,372.0,1392891.0,5387.0,68.9,-37.0
31,2023-01-18,1413686.0,443.0,1391240.0,5385.0,75.3,-36.4
32,2023-01-17,1413243.0,469.0,1389473.0,5380.0,77.1,-36.7
33,2023-01-16,1412774.0,,1387076.0,5381.0,87.9,-40.1
34,2023-01-15,,,,,87.9,-37.5
35,2023-01-14,,,,,87.6,-34.0
36,2023-01-13,1412041.0,355.0,1384661.0,5373.0,96.5,-29.7
37,2023-01-12,1411686.0,432.0,1383165.0,5369.0,107.8,-26.5
38,2023-01-11,1411254.0,735.0,1381277.0,5365.0,118.2,-24.0
39,2023-01-10,1410519.0,590.0,1379234.0,5361.0,136.2,-21.8
40,2023-01-09,1409929.0,,1377099.0,5351.0,145.9,-19.3
41,2023-01-08,,,,,145.9,-22.6
42,2023-01-07,,,,,145.9,-23.8
43,2023-01-06,1408872.0,746.0,1374293.0,5343.0,156.3,-23.5
44,2023-01-05,1408126.0,954.0,1372788.0,5328.0,169.4,-22.6
45,2023-01-04,1407172.0,1102.0,1371357.0,5312.0,185.3,-21.9
46,2023-01-03,1406070.0,1428.0,1369801.0,5294.0,231.8,-22.1
47,2023-01-02,1404642.0,,1367978.0,5275.0,192.0,-23.6
48,2023-01-01,,,,,192.0,-22.2
49,2022-12-31,,,,,192.0,-20.0
50,2022-12-30,1403229.0,1069.0,1365447.0,5263.0,204.4,-17.1
51,2022-12-29,1402160.0,1693.0,1364112.0,5255.0,213.6,-14.2
52,2022-12-28,1400467.0,1770.0,1362837.0,5246.0,219.4,-10.5
53,2022-12-27,1398697.0,,1361258.0,5243.0,210.3,-5.6
54,2022-12-26,,,,,276.1,1.2
55,2022-12-25,,,,,276.1,4.1
56,2022-12-24,,,,,276.7,6.8
57,2022-12-23,1395933.0,1579.0,1357086.0,5236.0,278.1,9.4
58,2022-12-22,1394354.0,1700.0,1356154.0,5229.0,284.7,11.7
59,2022-12-21,1392654.0,2116.0,1355135.0,5223.0,296.6,13.3
60,2022-12-20,1390538.0,2581.0,1353960.0,5215.0,288.0,13.6
61,2022-12-19,1387957.0,,1352902.0,5201.0,293.0,14.2
62,2022-12-18,,,,,293.0,13.5
63,2022-12-17,,,,,293.1,12.1
64,2022-12-16,1386295.0,1786.0,1350894.0,5198.0,292.4,9.8
65,2022-12-15,1384509.0,2438.0,1349869.0,5193.0,279.2,7.7
66,2022-12-14,1382071.0,2371.0,1348928.0,5182.0,265.0,6.9
67,2022-12-13,1379700.0,1940.0,1348154.0,5173.0,255.5,7.7
68,2022-12-12,1377760.0,,1346866.0,5176.0,247.8,10.6
69,2022-12-11,,,,,247.9,15.5
70,2022-12-10,,,,,247.6,19.7
71,2022-12-09,1375261.0,1470.0,1344755.0,5178.0,245.6,23.2
72,2022-12-08,1373791.0,1515.0,1343829.0,5174.0,244.8,26.1
73,2022-12-07,1372276.0,2023.0,1342817.0,5165.0,240.8,28.6
74,2022-12-06,1370253.0,2162.0,1341604.0,5161.0,240.0,31.6
75,2022-12-05,1368091.0,,1340177.0,5155.0,240.1,32.5
76,2022-12-04,,,,,240.0,31.6
77,2022-12-03,,,,,240.1,28.4
78,2022-12-02,1366155.0,1435.0,1337780.0,5148.0,228.7,22.8
79,2022-12-01,1364720.0,1524.0,1336749.0,5145.0,220.7,17.5
80,2022-11-30,1363196.0,1621.0,1335593.0,5144.0,209.2,11.7
81,2022-11-29,1361575.0,1970.0,1334342.0,5139.0,188.3,4.7
82,2022-11-28,1359605.0,,1332436.0,5135.0,168.5,-0.1
83,2022-11-27,,,,,168.6,-3.4
84,2022-11-26,,,,,168.8,-6.3
85,2022-11-25,1357538.0,1239.0,1329506.0,5130.0,167.9,-8.7
86,2022-11-24,1356299.0,998.0,1327973.0,5123.0,163.3,-11.4
87,2022-11-23,1355301.0,1355.0,1326212.0,5105.0,154.8,-13.3
88,2022-11-22,1353946.0,1313.0,1324016.0,5098.0,160.2,-14.2
89,2022-11-21,1352633.0,,1321338.0,5089.0,161.4,-15.9
90,2022-11-20,,,,,161.4,-18.4
91,2022-11-19,,,,,161.7,-19.7
92,2022-11-18,1351254.0,1063.0,1317430.0,5080.0,157.9,-19.9
93,2022-11-17,1350191.0,1494.0,1315242.0,5071.0,159.5,-19.8
94,2022-11-16,1348697.0,1002.0,1312271.0,5040.0,172.3,-20.4
95,2022-11-15,1347695.0,1178.0,1309290.0,5038.0,177.3,-22.7
96,2022-11-14,1346517.0,,1305793.0,5029.0,186.6,-25.6
97,2022-11-13,,,,,187.0,-28.7
98,2022-11-12,,,,,187.8,-29.7
99,2022-11-11,1344929.0,1047.0,1301165.0,5024.0,194.9,-29.4
100,2022-11-10,1343882.0,1153.0,1298581.0,5017.0,200.1,-29.3
101,2022-11-09,1342729.0,1395.0,1295811.0,5007.0,205.3,-29.3
102,2022-11-08,1341334.0,1565.0,1293095.0,4990.0,216.6,-29.2
103,2022-11-07,1339769.0,,1289193.0,4978.0,235.2,-29.6
104,2022-11-06,,,,,234.9,-30.1
105,2022-11-05,,,,,235.5,-29.1
106,2022-11-04,1337757.0,1064.0,1284142.0,4970.0,246.6,-27.0
107,2022-11-03,1336693.0,1410.0,1280906.0,4965.0,267.3,-24.5
108,2022-11-02,1335283.0,1516.0,1277928.0,4960.0,293.0,-22.2
109,2022-11-01,1333767.0,2103.0,1274627.0,4952.0,318.7,-19.5
110,2022-10-31,1331664.0,,1270768.0,4941.0,341.4,-17.2
111,2022-10-30,,,,,341.6,-15.4
112,2022-10-29,,,,,343.6,-13.1
113,2022-10-28,1329130.0,1544.0,1268997.0,4927.0,364.8,-9.9
114,2022-10-27,1327586.0,2672.0,1266610.0,4922.0,385.7,-7.7
115,2022-10-26,1324914.0,2264.0,1264781.0,4915.0,406.3,-5.9
116,2022-10-25,1322650.0,3553.0,1262747.0,4910.0,436.1,-4.9
117,2022-10-24,1319097.0,,1260452.0,4895.0,455.6,-4.6
118,2022-10-23,,,,,455.7,0.2
119,2022-10-22,,,,,456.7,4.5
120,2022-10-21,1315465.0,1837.0,1257587.0,4885.0,464.7,8.3
121,2022-10-20,1313628.0,2999.0,1256259.0,4882.0,471.2,12.5
122,2022-10-19,1310629.0,4059.0,1254757.0,4877.0,462.0,17.9
123,2022-10-18,1306570.0,3881.0,1253156.0,4876.0,464.5,24.9
124,2022-10-17,1302689.0,,1251543.0,4868.0,470.8,33.7
125,2022-10-16,,,,,470.8,37.6
126,2022-10-15,,,,,466.3,40.5
127,2022-10-14,1299385.0,2506.0,1249179.0,4863.0,483.1,42.5
128,2022-10-13,1296879.0,3141.0,1248134.0,4859.0,486.9,42.7
129,2022-10-12,1293738.0,3485.0,1246797.0,4854.0,499.7,39.5
130,2022-10-11,1290253.0,4314.0,1245393.0,4854.0,496.2,32.2
131,2022-10-10,1285939.0,,1243652.0,4849.0,377.0,23.4
132,2022-10-09,,,,,377.4,24.3
133,2022-10-08,,,,,379.6,23.1
134,2022-10-07,1282046.0,3345.0,1240889.0,4845.0,355.9,19.7
135,2022-10-06,1278701.0,3165.0,1239632.0,4843.0,315.8,17.4
136,2022-10-05,1275536.0,3707.0,1238329.0,4839.0,285.0,17.8
137,2022-10-04,1271829.0,,1236881.0,4838.0,243.8,20.8
138,2022-10-03,,,,,311.5,27.8
139,2022-10-02,,,,,311.0,26.6
140,2022-10-01,,,,,310.7,23.6
141,2022-09-30,1268230.0,2554.0,1233068.0,4834.0,285.7,18.2
142,2022-09-29,1265676.0,1654.0,1231829.0,4830.0,283.6,14.0
143,2022-09-28,1264022.0,2184.0,1230509.0,4827.0,268.4,9.2
144,2022-09-27,1261838.0,2215.0,1229093.0,4824.0,245.2,5.1
145,2022-09-26,1259623.0,,1227166.0,4808.0,232.6,3.6
146,2022-09-25,,,,,233.2,3.9
147,2022-09-24,,,,,232.4,3.8
148,2022-09-23,1257366.0,1788.0,1225030.0,4807.0,221.5,3.3
149,2022-09-22,1255578.0,1526.0,1223352.0,4800.0,217.4,3.3
150,2022-09-21,1254052.0,1604.0,1221560.0,4799.0,211.0,3.5
151,2022-09-20,1252448.0,1484.0,1218260.0,4799.0,216.3,4.5
152,2022-09-19,1250964.0,,1216613.0,4796.0,215.1,3.4
153,2022-09-18,,,,,215.0,3.0
154,2022-09-17,,,,,219.9,2.6
155,2022-09-16,1248868.0,1189.0,1214704.0,4795.0,221.9,1.8
156,2022-09-15,1247679.0,1289.0,1213666.0,4786.0,218.7,-0.8
157,2022-09-14,1246390.0,1756.0,1212545.0,4783.0,219.9,-4.4
158,2022-09-13,1244634.0,1714.0,1211107.0,4779.0,213.1,-13.2
159,2022-09-12,1242920.0,,1209553.0,4778.0,203.0,-18.4
160,2022-09-11,,,,,203.0,-20.9
161,2022-09-10,,,,,202.7,-22.0
162,2022-09-09,1240774.0,1152.0,1206855.0,4776.0,205.6,-22.1
163,2022-09-08,1239622.0,1293.0,1205328.0,4775.0,206.2,-20.1
164,2022-09-07,1238329.0,1599.0,1203655.0,4773.0,204.2,-16.3
165,2022-09-06,1236730.0,1507.0,1201667.0,4770.0,218.3,-8.3
166,2022-09-05,1235223.0,,1199554.0,4767.0,212.4,-2.0
167,2022-09-04,,,,,212.3,2.7
168,2022-09-03,,,,,210.4,7.8
169,2022-09-02,1233377.0,1586.0,1196495.0,4767.0,224.2,13.8
170,2022-09-01,1231791.0,1106.0,1194588.0,4767.0,240.8,17.5
171,2022-08-31,1230685.0,1483.0,1192649.0,4765.0,302.4,18.3
172,2022-08-30,1229202.0,1946.0,1190446.0,4765.0,293.6,9.9
173,2022-08-29,1227256.0,,1187933.0,4756.0,290.3,1.1
174,2022-08-28,,,,,289.8,-6.7
175,2022-08-27,,,,,290.7,-13.3
176,2022-08-26,1225701.0,2232.0,1184137.0,4755.0,268.6,-18.8
177,2022-08-25,1223469.0,2070.0,1181993.0,4753.0,247.6,-22.0
178,2022-08-24,1221399.0,3903.0,1179351.0,4752.0,188.6,-23.0
179,2022-08-23,1217496.0,1429.0,1176478.0,4745.0,194.2,-20.1
180,2022-08-22,1216067.0,,1173160.0,4742.0,223.3,-16.8
181,2022-08-21,,,,,224.9,-15.3
182,2022-08-20,,,,,226.3,-13.1
183,2022-08-19,1214864.0,937.0,1168346.0,4740.0,247.3,-10.3
184,2022-08-18,1213927.0,1105.0,1165710.0,4739.0,268.3,-8.4
185,2022-08-17,1212822.0,1565.0,1162851.0,4735.0,289.6,-8.0
186,2022-08-16,1211257.0,1812.0,1159520.0,4731.0,303.0,-9.0
187,2022-08-15,1209445.0,,1156000.0,4745.0,301.9,-11.5
188,2022-08-14,,,,,302.0,-14.2
189,2022-08-13,,,,,303.9,-15.8
190,2022-08-12,1206570.0,1815.0,1150990.0,4739.0,308.1,-16.7
191,2022-08-11,1204755.0,2090.0,1147877.0,4737.0,308.9,-17.7
192,2022-08-10,1202665.0,2301.0,1144215.0,4729.0,310.2,-18.1
193,2022-08-09,1200364.0,2282.0,1140302.0,4729.0,312.3,-18.4
194,2022-08-08,1198082.0,,1136689.0,4727.0,327.1,-18.0
195,2022-08-07,,,,,327.6,-17.5
196,2022-08-06,,,,,328.8,-16.3
197,2022-08-05,1195556.0,1799.0,1131405.0,4727.0,334.7,-14.6
198,2022-08-04,1193757.0,2134.0,1128008.0,4722.0,351.1,-12.9
199,2022-08-03,1191623.0,2908.0,1124769.0,4720.0,362.5,-12.3
200,2022-08-02,1188715.0,2379.0,1120502.0,4717.0,386.0,-12.1
201,2022-08-01,1186336.0,,1116092.0,4715.0,407.0,-12.3
202,2022-07-31,,,,,407.0,-13.3
203,2022-07-30,,,,,410.9,-13.4
204,2022-07-29,1183163.0,1978.0,1110399.0,4710.0,426.7,-12.8
205,2022-07-28,1181185.0,2697.0,1107672.0,4708.0,433.3,-12.4
206,2022-07-27,1178488.0,3057.0,1103263.0,4704.0,448.7,-11.2
207,2022-07-26,1175431.0,3620.0,1099958.0,4699.0,452.9,-10.3
208,2022-07-25,1171811.0,,1096112.0,4691.0,453.2,-9.7
209,2022-07-24,,,,,455.9,-8.9
210,2022-07-23,,,,,457.7,-7.6
211,2022-07-22,1167945.0,2449.0,1091438.0,4688.0,468.7,-6.2
212,2022-07-21,1165496.0,2850.0,1088601.0,4686.0,494.1,-4.0
213,2022-07-20,1162646.0,3514.0,1085663.0,4681.0,513.0,-3.7
214,2022-07-19,1159132.0,3347.0,1082104.0,4680.0,520.0,-2.8
215,2022-07-18,1155785.0,,1079053.0,4679.0,539.5,-1.5
216,2022-07-17,,,,,538.4,-0.2
217,2022-07-16,,,,,533.8,1.1
218,2022-07-15,1151255.0,3325.0,1074784.0,4677.0,540.8,2.5
219,2022-07-14,1147930.0,3897.0,1071952.0,4676.0,526.7,3.2
220,2022-07-13,1144033.0,4131.0,1070361.0,4675.0,531.6,6.0
221,2022-07-12,1139902.0,3713.0,1068527.0,4671.0,545.7,8.1
222,2022-07-11,1136189.0,,1066455.0,4665.0,550.7,9.8
223,2022-07-10,,,,,551.8,11.2
224,2022-07-09,,,,,555.4,12.0
225,2022-07-08,1131329.0,3029.0,1063345.0,4662.0,538.6,12.0
226,2022-07-07,1128300.0,3501.0,1061724.0,4661.0,571.5,11.8
227,2022-07-06,1124799.0,4499.0,1060227.0,4658.0,548.3,10.8
228,2022-07-05,1120300.0,4219.0,1058622.0,4656.0,532.4,12.0
229,2022-07-04,1116081.0,,1056210.0,4650.0,509.9,14.0
230,2022-07-03,,,,,508.7,17.4
231,2022-07-02,,,,,509.4,19.9
232,2022-07-01,1110870.0,2817.0,1055080.0,4649.0,513.0,21.5
233,2022-06-30,1108053.0,4782.0,1053964.0,4647.0,472.5,23.5
234,2022-06-29,1103271.0,3431.0,1052634.0,4648.0,481.4,27.1
235,2022-06-28,1099840.0,3193.0,1051111.0,4641.0,468.1,29.2
236,2022-06-27,1096647.0,,1049436.0,4640.0,462.3,30.1
237,2022-06-26,,,,,460.9,34.8
238,2022-06-25,,,,,462.2,37.9
239,2022-06-24,1092466.0,3122.0,1046939.0,4639.0,470.4,39.1
240,2022-06-23,1089344.0,2885.0,1044598.0,4639.0,438.4,38.0
241,2022-06-22,1086459.0,3786.0,1044225.0,4638.0,396.1,37.8
242,2022-06-21,1082673.0,3275.0,1042589.0,4635.0,374.7,39.9
243,2022-06-20,1079398.0,,1040407.0,4635.0,354.2,44.8
244,2022-06-19,,,,,354.4,45.9
245,2022-06-18,,,,,350.4,44.1
246,2022-06-17,1075068.0,2565.0,1037571.0,4636.0,314.2,38.9
247,2022-06-16,1072503.0,2033.0,1036044.0,4635.0,313.7,33.3
248,2022-06-15,1070470.0,2000.0,1034359.0,4633.0,308.5,28.8
249,2022-06-14,1068470.0,2334.0,1032756.0,4632.0,320.7,22.4
250,2022-06-13,1066136.0,,1030816.0,4632.0,249.4,10.8
251,2022-06-12,,,,,248.2,5.3
252,2022-06-11,,,,,240.0,-0.3
253,2022-06-10,1063090.0,1543.0,1027836.0,4630.0,219.5,-4.9
254,2022-06-09,1061547.0,2237.0,1025810.0,4628.0,204.9,-6.8
255,2022-06-08,1059310.0,1910.0,1023633.0,4624.0,196.4,-11.5
256,2022-06-07,1057400.0,,1021132.0,4621.0,164.8,-14.8
257,2022-06-06,,,,,205.9,-14.3
258,2022-06-05,,,,,206.1,-16.8
259,2022-06-04,,,,,209.8,-18.2
260,2022-06-03,1054613.0,1083.0,1014361.0,4618.0,229.6,-19.0
261,2022-06-02,1053530.0,1060.0,1012788.0,4617.0,197.8,-21.4
262,2022-06-01,1052470.0,1912.0,1010669.0,4616.0,196.1,-21.9
263,2022-05-31,1050558.0,1742.0,1008208.0,4613.0,206.1,-22.4
264,2022-05-30,1048816.0,1900.0,1004248.0,4612.0,222.0,-23.9
265,2022-05-29,1046916.0,,1001853.0,4610.0,221.8,-26.2
266,2022-05-28,1046916.0,43.0,1001527.0,4610.0,220.3,-26.8
267,2022-05-27,1046873.0,1755.0,1001066.0,4610.0,215.6,-25.7
268,2022-05-26,1045118.0,25.0,998382.0,4608.0,263.8,-22.5
269,2022-05-25,1045093.0,1812.0,994543.0,4608.0,269.8,-20.3
270,2022-05-24,1043281.0,2182.0,990579.0,4606.0,271.9,-17.6
271,2022-05-23,1041099.0,2184.0,986654.0,4604.0,281.3,-16.1
272,2022-05-22,1038915.0,118.0,982222.0,4578.0,282.4,-12.6
273,2022-05-21,1038797.0,38.0,981779.0,4578.0,284.0,-8.8
274,2022-05-20,1038759.0,1701.0,980991.0,4578.0,300.7,-4.8
275,2022-05-19,1037058.0,1637.0,978200.0,4574.0,317.9,-2.5
276,2022-05-18,1035421.0,1977.0,974975.0,4574.0,339.9,-3.0
277,2022-05-17,1033444.0,2418.0,971140.0,4562.0,367.3,-6.3
278,2022-05-16,1031026.0,2506.0,966488.0,4556.0,396.2,-9.8
279,2022-05-15,1028520.0,16.0,965353.0,4556.0,396.6,-16.4
280,2022-05-14,1028504.0,233.0,964927.0,4556.0,392.4,-21.1
281,2022-05-13,1028271.0,2344.0,964103.0,4556.0,376.1,-24.2
282,2022-05-12,1025927.0,2470.0,963449.0,4544.0,365.9,-25.5
283,2022-05-11,1023457.0,2899.0,959863.0,4536.0,360.9,-24.8
284,2022-05-10,1020558.0,3802.0,955679.0,4528.0,390.5,-22.8
285,2022-05-09,1016756.0,2797.0,950710.0,4525.0,356.3,-21.9
286,2022-05-08,1013959.0,93.0,946262.0,4512.0,356.3,-15.7
287,2022-05-07,1013866.0,111.0,945867.0,4512.0,360.6,-9.3
288,2022-05-06,1013755.0,1623.0,945295.0,4512.0,387.4,-2.6
289,2022-05-05,1012132.0,2187.0,941717.0,4509.0,436.4,6.6
290,2022-05-04,1009945.0,2674.0,937120.0,4503.0,484.4,14.2
291,2022-05-03,1007271.0,4087.0,932507.0,4495.0,481.5,19.5
292,2022-05-02,1003184.0,2938.0,925760.0,5553.0,540.3,24.7
293,2022-05-01,1000246.0,36.0,920207.0,4487.0,541.2,20.6
294,2022-04-30,1000210.0,124.0,919798.0,4487.0,548.4,15.6
295,2022-04-29,1000086.0,2798.0,918973.0,4485.0,554.9,9.8
296,2022-04-28,997288.0,3506.0,913934.0,4480.0,539.3,-1.1
297,2022-04-27,993782.0,4732.0,908567.0,4478.0,532.6,-11.4
298,2022-04-26,989050.0,4036.0,901268.0,4463.0,550.2,-19.7
299,2022-04-25,985014.0,5002.0,893896.0,4461.0,443.1,-27.8
300,2022-04-24,980012.0,92.0,886369.0,4458.0,444.5,-31.1
301,2022-04-23,979920.0,286.0,885897.0,4458.0,445.8,-32.3
302,2022-04-22,979634.0,2833.0,884585.0,4458.0,376.5,-32.4
303,2022-04-21,976801.0,3274.0,878454.0,4455.0,382.5,-30.9
304,2022-04-20,973527.0,4551.0,870851.0,4452.0,392.1,-28.9
305,2022-04-19,968976.0,4589.0,862005.0,4443.0,402.5,-27.6
306,2022-04-18,964387.0,106.0,852822.0,4427.0,513.1,-25.4
307,2022-04-17,964281.0,147.0,844242.0,4427.0,513.1,-25.0
308,2022-04-16,964134.0,319.0,843585.0,4427.0,508.5,-23.5
309,2022-04-15,963815.0,197.0,842797.0,4427.0,598.9,-21.3
310,2022-04-14,963618.0,3918.0,837302.0,4427.0,632.5,-20.5
311,2022-04-13,959700.0,4589.0,830579.0,4422.0,644.3,-20.7
312,2022-04-12,955111.0,5144.0,821792.0,4421.0,695.5,-21.0
313,2022-04-11,949967.0,4545.0,812928.0,4412.0,726.3,-22.2
314,2022-04-10,945422.0,99.0,803530.0,4407.0,725.3,-23.4
315,2022-04-09,945323.0,1.0,802766.0,4407.0,729.6,-23.2
316,2022-04-08,945322.0,3890.0,801254.0,4407.0,774.6,-21.6
317,2022-04-07,941432.0,4974.0,793897.0,4406.0,793.8,-19.5
318,2022-04-06,936458.0,5754.0,786870.0,4402.0,865.8,-16.7
319,2022-04-05,930704.0,7273.0,778371.0,4396.0,874.7,-14.5
320,2022-04-04,923431.0,5216.0,777326.0,4392.0,910.7,-11.6
321,2022-04-03,918215.0,251.0,771559.0,4386.0,915.6,-9.2
322,2022-04-02,917964.0,666.0,771021.0,4386.0,933.5,-6.5
323,2022-04-01,917298.0,5515.0,769503.0,4386.0,966.1,-4.0
324,2022-03-31,911783.0,6557.0,764130.0,4384.0,1031.1,-2.2
325,2022-03-30,905226.0,7585.0,757907.0,4381.0,1083.7,-1.1
326,2022-03-29,897641.0,7032.0,751021.0,4369.0,1145.1,-0.1
327,2022-03-28,890609.0,7329.0,744534.0,4363.0,1195.9,4.0
328,2022-03-27,883280.0,252.0,738113.0,4355.0,1193.2,8.6
329,2022-03-26,883028.0,943.0,737529.0,4355.0,1171.9,12.6
330,2022-03-25,882085.0,6503.0,736385.0,4354.0,1150.3,16.2
331,2022-03-24,875582.0,8106.0,730730.0,4346.0,1130.6,20.7
332,2022-03-23,867476.0,9018.0,724098.0,4337.0,1128.9,25.3
333,2022-03-22,858458.0,11525.0,717076.0,4332.0,1106.0,30.4
334,2022-03-21,846933.0,6968.0,709570.0,4324.0,1125.4,31.1
335,2022-03-20,839965.0,198.0,701817.0,4319.0,1128.5,29.3
336,2022-03-19,839767.0,450.0,701147.0,4319.0,1151.8,25.9
337,2022-03-18,839317.0,5748.0,699082.0,4319.0,1198.4,20.2
338,2022-03-17,833569.0,7953.0,693001.0,4315.0,1192.6,10.7
339,2022-03-16,825616.0,8962.0,686532.0,4310.0,1170.8,-0.2
340,2022-03-15,816654.0,8834.0,679297.0,4307.0,942.2,-10.8
341,2022-03-14,807820.0,9372.0,670122.0,4305.0,825.0,-16.1
342,2022-03-13,798448.0,268.0,661092.0,4297.0,823.4,-18.9
343,2022-03-12,798180.0,1106.0,660299.0,4297.0,826.2,-20.4
344,2022-03-11,797074.0,7246.0,658484.0,4296.0,773.5,-21.4
345,2022-03-10,789828.0,7635.0,651078.0,4294.0,760.2,-20.7
346,2022-03-09,782193.0,6946.0,641924.0,4288.0,719.0,-18.6
347,2022-03-08,775247.0,625.0,630638.0,4281.0,890.0,-14.5
348,2022-03-07,774622.0,5575.0,618837.0,4279.0,925.3,-13.1
349,2022-03-06,769047.0,301.0,608060.0,4277.0,928.3,-12.1
350,2022-03-05,768746.0,899.0,607137.0,4277.0,922.0,-10.5
351,2022-03-04,767847.0,6107.0,604358.0,4276.0,949.8,-8.0
352,2022-03-03,761740.0,7005.0,595857.0,4273.0,988.2,-5.6
353,2022-03-02,754735.0,7125.0,583921.0,4263.0,1032.4,-4.3
354,2022-03-01,747610.0,5784.0,570837.0,4253.0,1082.7,-4.9
355,2022-02-28,741826.0,6389.0,556481.0,4245.0,1137.8,-6.7
356,2022-02-27,735437.0,270.0,544499.0,4243.0,1137.1,-9.4
357,2022-02-26,735167.0,1015.0,543221.0,4243.0,1159.2,-11.4
358,2022-02-25,734152.0,7083.0,540287.0,4243.0,1175.0,-13.3
359,2022-02-24,727069.0,9396.0,530048.0,4242.0,1149.7,-15.2
360,2022-02-23,717673.0,7395.0,517626.0,4227.0,1119.6,-17.3
361,2022-02-22,710278.0,9836.0,503574.0,4222.0,1154.9,-18.8
362,2022-02-21,700442.0,8244.0,488288.0,4217.0,1166.4,-20.5
363,2022-02-20,692198.0,232.0,473794.0,4213.0,1168.1,-21.6
364,2022-02-19,691966.0,2238.0,472204.0,4213.0,1148.3,-21.8
365,2022-02-18,689728.0,11424.0,469196.0,4212.0,1154.9,-21.0
366,2022-02-17,678304.0,6686.0,456776.0,4205.0,1203.5,-20.0
367,2022-02-16,671618.0,8230.0,443841.0,4175.0,1304.2,-18.7
368,2022-02-15,663388.0,11531.0,431066.0,4173.0,1362.2,-17.6
369,2022-02-14,651857.0,5630.0,420512.0,4168.0,1405.9,-16.5
370,2022-02-13,646227.0,216.0,412095.0,4167.0,1411.9,-15.6
371,2022-02-12,646011.0,1077.0,410361.0,4167.0,1442.1,-14.1
372,2022-02-11,644934.0,5406.0,407701.0,4167.0,1474.4,-12.2
373,2022-02-10,639528.0,10164.0,400719.0,4164.0,1577.6,-10.3
374,2022-02-09,629364.0,11467.0,393616.0,4159.0,1642.1,-8.8
375,2022-02-08,617897.0,12302.0,386119.0,4147.0,1720.8,-7.1
376,2022-02-07,605595.0,9578.0,378807.0,4140.0,1766.9,-4.4
377,2022-02-06,596017.0,743.0,372251.0,4135.0,1778.0,-0.6
378,2022-02-05,595274.0,1409.0,371115.0,4135.0,1804.8,3.0
379,2022-02-04,593865.0,9845.0,369156.0,4135.0,1869.0,6.7
380,2022-02-03,584020.0,13317.0,363672.0,4133.0,1879.0,11.1
381,2022-02-02,570703.0,17566.0,358061.0,4129.0,1895.7,17.1
382,2022-02-01,553137.0,12669.0,353057.0,4128.0,1903.7,24.1
383,2022-01-31,540468.0,12220.0,348811.0,4124.0,1953.8,31.8
384,2022-01-30,528248.0,284.0,344919.0,4107.0,1959.6,38.7
385,2022-01-29,527964.0,3427.0,343670.0,4107.0,1953.3,44.8
386,2022-01-28,524537.0,12762.0,342518.0,4107.0,1986.8,49.8
387,2022-01-27,511775.0,11736.0,340632.0,4098.0,1991.6,51.9
388,2022-01-26,500039.0,14730.0,338042.0,4097.0,1952.8,50.9
389,2022-01-25,485309.0,17416.0,335148.0,4094.0,1815.4,47.8
390,2022-01-24,467893.0,13211.0,332355.0,4088.0,1658.8,46.0
391,2022-01-23,454682.0,683.0,329602.0,4085.0,1661.9,47.2
392,2022-01-22,453999.0,2367.0,328758.0,4084.0,1628.5,44.1
393,2022-01-21,451632.0,14089.0,327299.0,4082.0,1474.3,38.5
394,2022-01-20,437543.0,10679.0,325874.0,4077.0,1306.4,37.1
395,2022-01-19,426864.0,11449.0,323633.0,4073.0,1174.3,40.4
396,2022-01-18,415415.0,10732.0,321226.0,4072.0,1098.4,48.0
397,2022-01-17,404683.0,7559.0,318467.0,4067.0,1055.2,58.6
398,2022-01-16,397124.0,220.0,315322.0,4067.0,1041.0,71.6
399,2022-01-15,396904.0,2245.0,314579.0,4067.0,1041.9,84.9
400,2022-01-14,394659.0,6069.0,313655.0,4067.0,1029.3,95.8
401,2022-01-13,388590.0,7238.0,311533.0,4063.0,1008.7,104.0
402,2022-01-12,381352.0,7797.0,309255.0,4058.0,945.6,107.2
403,2022-01-11,373555.0,8862.0,307182.0,4045.0,868.4,106.6
404,2022-01-10,364693.0,5276.0,304881.0,4043.0,779.3,102.3
405,2022-01-09,359417.0,1057.0,302449.0,4038.0,775.6,94.9
406,2022-01-08,358360.0,1712.0,301838.0,4038.0,730.8,72.8
407,2022-01-07,356648.0,6051.0,301111.0,4036.0,597.7,44.6
408,2022-01-06,350597.0,5962.0,299529.0,4032.0,499.7,22.7
409,2022-01-05,344635.0,5443.0,297710.0,4029.0,417.1,7.3
410,2022-01-04,339192.0,4226.0,295290.0,4025.0,361.5,-1.5
411,2022-01-03,334966.0,3196.0,293004.0,4020.0,326.1,-5.7
412,2022-01-02,331770.0,479.0,290517.0,4016.0,318.8,-6.7
413,2022-01-01,331291.0,73.0,289993.0,4016.0,329.4,-7.0
414,2021-12-31,331218.0,701.0,289166.0,4016.0,318.2,-7.6
415,2021-12-30,330517.0,2777.0,287169.0,4016.0,300.5,-6.6
416,2021-12-29,327740.0,1939.0,284871.0,4010.0,294.9,-4.1
417,2021-12-28,325801.0,2652.0,282769.0,4002.0,298.2,-1.7
418,2021-12-27,323149.0,2457.0,280359.0,3996.0,314.3,0.3
419,2021-12-26,320692.0,646.0,278109.0,3991.0,308.5,1.4
420,2021-12-25,320046.0,51.0,277522.0,3988.0,303.3,2.9
421,2021-12-24,319995.0,564.0,276594.0,3988.0,343.0,4.6
422,2021-12-23,319431.0,2000.0,274331.0,3988.0,357.6,2.6
423,2021-12-22,317431.0,2488.0,272013.0,3986.0,355.5,-1.1
424,2021-12-21,314943.0,2294.0,269245.0,3976.0,348.0,-3.9
425,2021-12-20,312649.0,2941.0,266689.0,3969.0,336.8,-6.4
426,2021-12-19,309708.0,243.0,263830.0,3964.0,335.1,-8.1
427,2021-12-18,309465.0,439.0,263180.0,3964.0,331.6,-9.4
428,2021-12-17,309026.0,2261.0,262301.0,3955.0,318.6,-10.2
429,2021-12-16,306765.0,2391.0,260130.0,3944.0,308.9,-10.4
430,2021-12-15,304374.0,2271.0,257879.0,3938.0,318.9,-9.6
431,2021-12-14,302103.0,2089.0,255315.0,3932.0,325.3,-9.7
432,2021-12-13,300014.0,2579.0,252835.0,3926.0,326.8,-9.4
433,2021-12-12,297435.0,156.0,250063.0,3924.0,330.7,-9.1
434,2021-12-11,297279.0,315.0,249389.0,3924.0,337.8,-8.2
435,2021-12-10,296964.0,1596.0,248377.0,3922.0,355.1,-6.9
436,2021-12-09,295368.0,2178.0,246254.0,3904.0,368.8,-5.4
437,2021-12-08,293190.0,2618.0,244047.0,3886.0,359.6,-4.2
438,2021-12-07,290572.0,2910.0,241703.0,3877.0,364.8,-2.6
439,2021-12-06,287662.0,2614.0,239702.0,3867.0,369.7,-1.3
440,2021-12-05,285048.0,308.0,237387.0,3855.0,371.3,0.2
441,2021-12-04,284740.0,439.0,236920.0,3855.0,373.3,1.7
442,2021-12-03,284301.0,2244.0,236192.0,3853.0,383.1,2.9
443,2021-12-02,282057.0,2539.0,234813.0,3849.0,383.4,3.7
444,2021-12-01,279518.0,2544.0,233283.0,3844.0,399.7,4.8
445,2021-11-30,276974.0,2552.0,231481.0,3835.0,398.5,5.0
446,2021-11-29,274422.0,3172.0,230060.0,3830.0,406.7,6.1
447,2021-11-28,271250.0,287.0,228740.0,3823.0,403.7,7.3
448,2021-11-27,270963.0,546.0,228329.0,3823.0,396.3,8.3
449,2021-11-26,270417.0,2558.0,227809.0,3818.0,381.6,9.6
450,2021-11-25,267859.0,2843.0,226799.0,3814.0,376.7,12.4
451,2021-11-24,265016.0,2711.0,225819.0,3795.0,377.1,15.9
452,2021-11-23,262305.0,2867.0,224631.0,3788.0,382.4,20.7
453,2021-11-22,259438.0,3262.0,223593.0,3784.0,374.3,25.6
454,2021-11-21,256176.0,104.0,222616.0,3779.0,374.4,32.2
455,2021-11-20,256072.0,127.0,222206.0,3779.0,378.9,37.9
456,2021-11-19,255945.0,2398.0,221730.0,3779.0,378.2,41.8
457,2021-11-18,253547.0,2321.0,220861.0,3777.0,370.5,44.7
458,2021-11-17,251226.0,2795.0,220146.0,3773.0,366.8,47.6
459,2021-11-16,248431.0,2886.0,219328.0,3767.0,345.2,48.8
460,2021-11-15,245545.0,2593.0,218526.0,3762.0,327.9,50.4
461,2021-11-14,242952.0,147.0,217706.0,3759.0,323.5,52.2
462,2021-11-13,242805.0,475.0,217384.0,3759.0,313.9,51.0
463,2021-11-12,242330.0,2149.0,217007.0,3759.0,295.7,46.8
464,2021-11-11,240181.0,2185.0,216303.0,3756.0,281.6,42.1
465,2021-11-10,237996.0,2873.0,215664.0,3753.0,250.7,36.5
466,2021-11-09,235123.0,1657.0,214876.0,3746.0,232.9,33.7
467,2021-11-08,233466.0,2209.0,214214.0,3740.0,206.6,32.4
468,2021-11-07,231257.0,87.0,213524.0,3735.0,206.2,33.8
469,2021-11-06,231170.0,134.0,213181.0,3735.0,206.4,32.9
470,2021-11-05,231036.0,1675.0,212808.0,3735.0,195.4,29.5
471,2021-11-04,229361.0,1560.0,212171.0,3729.0,180.0,26.3
472,2021-11-03,227801.0,1525.0,211520.0,3719.0,169.7,25.1
473,2021-11-02,226276.0,1240.0,210839.0,3717.0,164.0,25.9
474,2021-11-01,225036.0,1500.0,210117.0,3709.0,155.3,26.7
475,2021-10-31,223536.0,81.0,209485.0,3704.0,153.3,28.8
476,2021-10-30,223455.0,178.0,209153.0,3704.0,153.0,29.8
477,2021-10-29,223277.0,869.0,208824.0,3704.0,146.4,29.2
478,2021-10-28,222408.0,1073.0,208305.0,3700.0,139.3,28.6
479,2021-10-27,221335.0,1147.0,207831.0,3691.0,133.1,27.8
480,2021-10-26,220188.0,1082.0,207249.0,3684.0,123.8,26.8
481,2021-10-25,219106.0,995.0,206615.0,3677.0,122.2,27.1
482,2021-10-24,218111.0,67.0,206038.0,3677.0,123.0,26.6
483,2021-10-23,218044.0,184.0,205738.0,3677.0,121.4,23.7
484,2021-10-22,217860.0,707.0,205454.0,3677.0,118.5,19.7
485,2021-10-21,217153.0,713.0,204927.0,3671.0,112.0,15.2
486,2021-10-20,216440.0,1090.0,204462.0,3670.0,102.3,11.3
487,2021-10-19,215350.0,824.0,203909.0,3667.0,98.3,8.5
488,2021-10-18,214526.0,894.0,203401.0,3665.0,93.2,6.6
489,2021-10-17,213632.0,43.0,202814.0,3664.0,91.9,5.7
490,2021-10-16,213589.0,128.0,202530.0,3664.0,89.8,5.0
491,2021-10-15,213461.0,578.0,202257.0,3664.0,87.3,4.4
492,2021-10-14,212883.0,699.0,201796.0,3663.0,87.3,4.3
493,2021-10-13,212184.0,554.0,201334.0,3658.0,86.7,4.5
494,2021-10-12,211630.0,698.0,200787.0,3657.0,85.5,5.3
495,2021-10-11,210932.0,667.0,200240.0,3655.0,84.2,6.6
496,2021-10-10,210265.0,25.0,199685.0,3647.0,85.1,7.8
497,2021-10-09,210240.0,140.0,199410.0,3647.0,83.9,8.4
498,2021-10-08,210100.0,445.0,199117.0,3647.0,82.6,8.9
499,2021-10-07,209655.0,516.0,198555.0,3646.0,81.8,9.6
500,2021-10-06,209139.0,749.0,198061.0,3641.0,84.4,9.8
501,2021-10-05,208390.0,584.0,197544.0,3635.0,82.2,8.1
502,2021-10-04,207806.0,659.0,196995.0,3631.0,81.7,5.8
503,2021-10-03,207147.0,24.0,196423.0,3628.0,80.8,2.4
504,2021-10-02,207123.0,67.0,196241.0,3628.0,80.8,-0.6
505,2021-10-01,207056.0,521.0,195993.0,3628.0,80.5,-3.6
506,2021-09-30,206535.0,664.0,195511.0,3627.0,78.2,-7.1
507,2021-09-29,205871.0,635.0,195081.0,3625.0,75.0,-10.3
508,2021-09-28,205236.0,656.0,194580.0,3625.0,73.0,-12.2
509,2021-09-27,204580.0,332.0,193958.0,3625.0,72.8,-13.1
510,2021-09-26,204248.0,17.0,193401.0,3624.0,72.5,-13.3
511,2021-09-25,204231.0,112.0,193173.0,3624.0,72.9,-13.1
512,2021-09-24,204119.0,422.0,192910.0,3624.0,71.7,-12.6
513,2021-09-23,203697.0,450.0,192399.0,3622.0,73.1,-10.9
514,2021-09-22,203247.0,607.0,191910.0,3621.0,75.1,-8.4
515,2021-09-21,202640.0,429.0,191314.0,3620.0,78.4,-6.0
516,2021-09-20,202211.0,647.0,190785.0,3619.0,81.8,-4.8
517,2021-09-19,201564.0,6.0,190207.0,3616.0,81.9,-3.8
518,2021-09-18,201558.0,114.0,189945.0,3616.0,82.1,-2.5
519,2021-09-17,201444.0,357.0,189655.0,3616.0,85.5,-0.8
520,2021-09-16,201087.0,492.0,189129.0,3615.0,88.6,0.5
521,2021-09-15,200595.0,685.0,188691.0,3611.0,89.4,1.0
522,2021-09-14,199910.0,655.0,188139.0,3609.0,90.2,1.5
523,2021-09-13,199255.0,761.0,187587.0,3607.0,90.2,2.9
524,2021-09-12,198494.0,18.0,187013.0,3602.0,90.9,4.4
525,2021-09-11,198476.0,187.0,186738.0,3602.0,92.0,5.5
526,2021-09-10,198289.0,458.0,186455.0,3602.0,90.3,6.0
527,2021-09-09,197831.0,541.0,186004.0,3602.0,87.4,6.5
528,2021-09-08,197290.0,751.0,185571.0,3599.0,87.6,8.0
529,2021-09-07,196539.0,548.0,185046.0,3598.0,91.4,10.0
530,2021-09-06,195991.0,858.0,184588.0,3597.0,89.8,11.0
531,2021-09-05,195133.0,17.0,184110.0,3596.0,90.1,11.5
532,2021-09-04,195116.0,137.0,183869.0,3596.0,89.0,11.3
533,2021-09-03,194979.0,413.0,183609.0,3596.0,88.0,10.7
534,2021-09-02,194566.0,533.0,183295.0,3595.0,88.8,9.9
535,2021-09-01,194033.0,736.0,182987.0,3593.0,87.5,8.1
536,2021-08-31,193297.0,909.0,182613.0,3593.0,82.6,6.1
537,2021-08-30,192388.0,586.0,182320.0,3593.0,81.2,5.9
538,2021-08-29,191802.0,14.0,181957.0,3592.0,80.8,7.1
539,2021-08-28,191788.0,79.0,181759.0,3592.0,80.5,8.0
540,2021-08-27,191709.0,414.0,181609.0,3592.0,80.8,8.7
541,2021-08-26,191295.0,346.0,181317.0,3591.0,79.1,10.3
542,2021-08-25,190949.0,691.0,181286.0,3597.0,75.7,13.3
543,2021-08-24,190258.0,471.0,181027.0,3595.0,73.9,18.2
544,2021-08-23,189787.0,645.0,180786.0,3592.0,74.7,24.7
545,2021-08-22,189142.0,42.0,180534.0,3588.0,75.1,31.8
546,2021-08-21,189100.0,95.0,180385.0,3587.0,75.3,38.4
547,2021-08-20,189005.0,343.0,180246.0,3587.0,74.8,44.4
548,2021-08-19,188662.0,475.0,180050.0,3588.0,75.3,49.8
549,2021-08-18,188187.0,510.0,179850.0,3588.0,75.3,53.6
550,2021-08-17,187677.0,552.0,179656.0,3587.0,72.5,55.9
551,2021-08-16,187125.0,594.0,179476.0,3587.0,67.4,57.6
552,2021-08-15,186531.0,13.0,179311.0,3587.0,67.2,60.2
553,2021-08-14,186518.0,126.0,179195.0,3587.0,66.2,58.2
554,2021-08-13,186392.0,615.0,179084.0,3587.0,60.3,51.0
555,2021-08-12,185777.0,473.0,178937.0,3586.0,55.0,43.8
556,2021-08-11,185304.0,358.0,178814.0,3585.0,50.2,38.2
557,2021-08-10,184946.0,366.0,178679.0,3585.0,45.7,33.8
558,2021-08-09,184580.0,380.0,178542.0,3585.0,41.3,30.7
559,2021-08-08,184200.0,21.0,178367.0,3585.0,40.4,29.9
560,2021-08-07,184179.0,72.0,178256.0,3585.0,39.2,27.9
561,2021-08-06,184107.0,238.0,178164.0,3585.0,37.9,24.9
562,2021-08-05,183869.0,289.0,178116.0,3585.0,36.3,21.7
563,2021-08-04,183580.0,307.0,178011.0,3585.0,33.0,18.2
564,2021-08-03,183273.0,270.0,177904.0,3583.0,30.8,17.3
565,2021-08-02,183003.0,263.0,177808.0,3583.0,29.8,19.1
566,2021-08-01,182740.0,17.0,177625.0,3583.0,29.6,23.5
567,2021-07-31,182723.0,33.0,177549.0,3583.0,29.7,26.9
568,2021-07-30,182690.0,137.0,177462.0,3583.0,29.4,29.0
569,2021-07-29,182553.0,213.0,177331.0,3582.0,27.5,31.8
570,2021-07-28,182340.0,173.0,177235.0,3581.0,26.6,37.8
571,2021-07-27,182167.0,197.0,177103.0,3581.0,26.2,46.3
572,2021-07-26,181970.0,259.0,176983.0,3581.0,25.4,56.1
573,2021-07-25,181711.0,11.0,176852.0,3578.0,25.2,67.5
574,2021-07-24,181700.0,17.0,176786.0,3578.0,24.9,77.9
575,2021-07-23,181683.0,155.0,176716.0,3578.0,24.1,86.2
576,2021-07-22,181528.0,99.0,176707.0,3577.0,24.0,94.5
577,2021-07-21,181429.0,-161.0,176646.0,3576.0,22.9,96.8
578,2021-07-20,181590.0,251.0,176914.0,3576.0,20.7,94.8
579,2021-07-19,181339.0,,176866.0,3574.0,17.7,92.0
580,2021-07-18,,,,,17.7,98.2
581,2021-07-17,,,,,17.3,94.3
582,2021-07-16,181146.0,132.0,176804.0,3570.0,15.3,77.2
583,2021-07-15,181014.0,132.0,176691.0,3568.0,12.9,59.3
584,2021-07-14,180882.0,137.0,176648.0,3568.0,10.8,44.7
585,2021-07-13,180745.0,99.0,176609.0,3565.0,9.3,33.5
586,2021-07-12,180646.0,95.0,176577.0,3565.0,8.3,26.3
587,2021-07-11,180551.0,,176520.0,3564.0,8.4,19.5
588,2021-07-10,180551.0,2.0,176503.0,3564.0,8.3,10.9
589,2021-07-09,180549.0,57.0,176488.0,3564.0,7.6,1.3
590,2021-07-08,180492.0,59.0,176444.0,3563.0,7.3,-6.2
591,2021-07-07,180433.0,52.0,176420.0,3563.0,6.8,-10.4
592,2021-07-06,180381.0,57.0,176375.0,3562.0,6.4,-13.8
593,2021-07-05,180324.0,53.0,176334.0,3561.0,5.5,-16.6
594,2021-07-04,180271.0,3.0,176284.0,3559.0,5.5,-16.5
595,2021-07-03,180268.0,2.0,176264.0,3559.0,5.6,-15.8
596,2021-07-02,180266.0,38.0,176234.0,3559.0,5.7,-14.3
597,2021-07-01,180228.0,16.0,176179.0,3560.0,6.0,-14.8
598,2021-06-30,180212.0,46.0,176088.0,3560.0,6.4,-19.9
599,2021-06-29,180166.0,26.0,176012.0,3559.0,6.4,-26.8
600,2021-06-28,180140.0,22.0,175959.0,3557.0,6.9,-33.4
601,2021-06-27,180118.0,,175914.0,3556.0,6.9,-39.6
602,2021-06-26,180118.0,6.0,175896.0,3556.0,7.1,-41.9
603,2021-06-25,180112.0,25.0,175870.0,3556.0,7.3,-42.5
604,2021-06-24,180087.0,55.0,175814.0,3552.0,6.9,-43.5
605,2021-06-23,180032.0,37.0,175697.0,3548.0,7.2,-45.7
606,2021-06-22,179995.0,66.0,175604.0,3547.0,7.6,-47.8
607,2021-06-21,179929.0,41.0,175514.0,3545.0,7.7,-48.6
608,2021-06-20,179888.0,1.0,175434.0,3545.0,7.9,-48.9
609,2021-06-19,179887.0,15.0,175394.0,3545.0,7.7,-46.9
610,2021-06-18,179872.0,48.0,175336.0,3545.0,8.8,-44.0
611,2021-06-17,179824.0,-11.0,175213.0,3541.0,10.9,-41.9
612,2021-06-16,179835.0,63.0,175132.0,3535.0,12.3,-39.9
613,2021-06-15,179772.0,22.0,174976.0,3529.0,13.8,-38.5
614,2021-06-14,179750.0,57.0,174836.0,3520.0,15.3,-37.2
615,2021-06-13,179693.0,6.0,174654.0,3517.0,15.3,-33.3
616,2021-06-12,179687.0,26.0,174598.0,3517.0,15.7,-29.1
617,2021-06-11,179661.0,101.0,174476.0,3518.0,17.4,-24.8
618,2021-06-10,179560.0,90.0,174249.0,3517.0,20.7,-21.4
619,2021-06-09,179470.0,121.0,174050.0,3513.0,23.3,-18.4
620,2021-06-08,179349.0,117.0,173821.0,3512.0,25.0,-17.7
621,2021-06-07,179232.0,104.0,173569.0,3510.0,27.4,-20.1
622,2021-06-06,179128.0,7.0,273409.0,3506.0,27.4,-26.1
623,2021-06-05,179121.0,27.0,173310.0,3505.0,28.4,-29.4
624,2021-06-04,179094.0,159.0,173217.0,3506.0,30.8,-31.4
625,2021-06-03,178935.0,182.0,172935.0,3502.0,31.9,-33.4
626,2021-06-02,178753.0,192.0,172702.0,3499.0,34.2,-32.6
627,2021-06-01,178561.0,196.0,172392.0,3497.0,35.9,-33.4
628,2021-05-31,178365.0,142.0,172071.0,3485.0,32.5,-33.5
629,2021-05-30,178223.0,18.0,171673.0,3481.0,33.0,-32.6
630,2021-05-29,178205.0,-22.0,171515.0,3481.0,34.1,-30.4
631,2021-05-28,178227.0,285.0,171356.0,3482.0,36.2,-27.7
632,2021-05-27,177942.0,281.0,171028.0,3465.0,35.8,-25.6
633,2021-05-26,177661.0,120.0,170739.0,3460.0,39.6,-25.7
634,2021-05-25,177541.0,231.0,170297.0,3454.0,46.0,-25.3
635,2021-05-24,177310.0,76.0,169849.0,3440.0,55.0,-26.6
636,2021-05-23,177234.0,50.0,169366.0,3439.0,55.3,-28.8
637,2021-05-22,177184.0,146.0,169166.0,3438.0,57.3,-29.2
638,2021-05-21,177038.0,281.0,168885.0,3429.0,60.4,-28.7
639,2021-05-20,176757.0,256.0,168303.0,3422.0,57.0,-27.9
640,2021-05-19,176501.0,462.0,167715.0,3416.0,63.5,-26.5
641,2021-05-18,176039.0,382.0,167030.0,3412.0,64.5,-25.7
642,2021-05-17,175657.0,370.0,166410.0,3403.0,68.4,-24.9
643,2021-05-16,175287.0,91.0,165713.0,3399.0,68.2,-24.5
644,2021-05-15,175196.0,173.0,165439.0,3399.0,68.6,-23.2
645,2021-05-14,175023.0,455.0,165019.0,3399.0,73.3,-21.8
646,2021-05-13,174568.0,155.0,164363.0,3396.0,86.2,-20.4
647,2021-05-12,174413.0,707.0,163709.0,3325.0,88.3,-20.2
648,2021-05-11,173706.0,510.0,162864.0,3319.0,95.9,-20.0
649,2021-05-10,173196.0,466.0,162039.0,3306.0,99.7,-20.0
650,2021-05-09,172730.0,79.0,161136.0,3302.0,99.8,-19.3
651,2021-05-08,172651.0,318.0,160812.0,3302.0,100.4,-17.8
652,2021-05-07,172333.0,592.0,160337.0,3266.0,102.3,-15.7
653,2021-05-06,171741.0,596.0,159448.0,3255.0,107.1,-13.6
654,2021-05-05,171145.0,850.0,158604.0,3242.0,110.7,-12.2
655,2021-05-04,170295.0,730.0,157536.0,3233.0,115.8,-11.2
656,2021-05-03,169565.0,550.0,156673.0,3228.0,121.9,-10.4
657,2021-05-02,169015.0,57.0,155965.0,3216.0,123.8,-9.6
658,2021-05-01,168958.0,499.0,155563.0,3214.0,129.5,-8.4
659,2021-04-30,168459.0,616.0,154947.0,3213.0,133.3,-7.8
660,2021-04-29,167843.0,742.0,154101.0,3210.0,136.4,-7.8
661,2021-04-28,167101.0,1053.0,153233.0,3210.0,141.4,-7.2
662,2021-04-27,166048.0,951.0,152292.0,3201.0,142.9,-5.3
663,2021-04-26,165097.0,793.0,151493.0,3193.0,140.5,-1.9
664,2021-04-25,164304.0,198.0,150567.0,3188.0,140.8,3.3
665,2021-04-24,164106.0,485.0,150213.0,3187.0,139.7,8.0
666,2021-04-23,163621.0,841.0,149639.0,3180.0,143.0,12.0
667,2021-04-22,162780.0,1135.0,148683.0,3175.0,148.3,18.5
668,2021-04-21,161645.0,1166.0,147657.0,3169.0,153.1,24.1
669,2021-04-20,160479.0,759.0,146833.0,3163.0,154.6,26.4
670,2021-04-19,159720.0,463.0,145969.0,3153.0,153.8,25.9
671,2021-04-18,159257.0,401.0,145262.0,3150.0,153.5,22.0
672,2021-04-17,158856.0,548.0,144893.0,3151.0,156.3,17.5
673,2021-04-16,158308.0,1288.0,144284.0,3147.0,160.2,12.4
674,2021-04-15,157020.0,1022.0,143610.0,3143.0,156.3,2.5
675,2021-04-14,155998.0,1327.0,142755.0,3134.0,142.5,-6.4
676,2021-04-13,154671.0,677.0,141946.0,3128.0,129.9,-11.6
677,2021-04-12,153994.0,539.0,141202.0,3127.0,116.7,-14.5
678,2021-04-11,153455.0,493.0,140528.0,3123.0,118.8,-15.3
679,2021-04-10,152962.0,643.0,140245.0,3123.0,124.0,-15.6
680,2021-04-09,152319.0,1019.0,139794.0,3122.0,104.2,-15.3
681,2021-04-08,151300.0,923.0,139004.0,3110.0,103.4,-10.9
682,2021-04-07,150377.0,545.0,138211.0,3098.0,113.5,-5.2
683,2021-04-06,149832.0,601.0,137422.0,3090.0,122.4,0.5
684,2021-04-05,149231.0,194.0,136605.0,3086.0,135.1,6.7
685,2021-04-04,149037.0,309.0,135961.0,3086.0,133.0,11.7
686,2021-04-03,148728.0,778.0,135571.0,3082.0,127.3,16.8
687,2021-04-02,147950.0,484.0,135137.0,3081.0,144.3,23.2
688,2021-04-01,147466.0,1205.0,134566.0,3071.0,144.8,25.4
689,2021-03-31,146261.0,1012.0,133933.0,3055.0,141.9,27.0
690,2021-03-30,145249.0,663.0,133313.0,3047.0,144.1,29.0
691,2021-03-29,144586.0,575.0,132801.0,3043.0,146.8,30.0
692,2021-03-28,144011.0,296.0,132170.0,3039.0,146.2,32.0
693,2021-03-27,143715.0,735.0,131876.0,3036.0,140.4,31.5
694,2021-03-26,142980.0,973.0,131497.0,3030.0,131.0,30.5
695,2021-03-25,142007.0,1006.0,130911.0,3026.0,126.1,31.3
696,2021-03-24,141001.0,1268.0,130405.0,3023.0,119.3,32.9
697,2021-03-23,139733.0,751.0,129833.0,3011.0,108.5,34.8
698,2021-03-22,138982.0,545.0,129295.0,2998.0,103.0,38.2
699,2021-03-21,138437.0,219.0,128850.0,2992.0,102.6,38.5
700,2021-03-20,138218.0,286.0,128612.0,2991.0,102.9,37.7
701,2021-03-19,137932.0,894.0,128306.0,2985.0,104.4,34.7
702,2021-03-18,137038.0,629.0,127871.0,2967.0,102.2,27.8
703,2021-03-17,136409.0,630.0,127490.0,2956.0,98.2,19.2
704,2021-03-16,135779.0,662.0,127046.0,2947.0,93.8,10.6
705,2021-03-15,135117.0,366.0,126617.0,2942.0,77.3,2.8
706,2021-03-14,134751.0,208.0,126185.0,2934.0,77.9,0.9
707,2021-03-13,134543.0,508.0,126006.0,2934.0,75.2,-1.5
708,2021-03-12,134035.0,644.0,125756.0,2933.0,68.6,-3.7
709,2021-03-11,133391.0,553.0,125314.0,2928.0,62.2,-3.2
710,2021-03-10,132838.0,489.0,124886.0,2918.0,59.9,-0.3
711,2021-03-09,132349.0,287.0,124463.0,2902.0,60.5,3.9
712,2021-03-08,132062.0,88.0,124027.0,2895.0,72.3,9.2
713,2021-03-07,131974.0,110.0,123661.0,2894.0,70.7,10.7
714,2021-03-06,131864.0,313.0,123503.0,2892.0,69.7,12.0
715,2021-03-05,131551.0,415.0,123194.0,2889.0,70.8,13.9
716,2021-03-04,131136.0,608.0,122762.0,2874.0,71.2,15.1
717,2021-03-03,130528.0,447.0,122334.0,2862.0,70.4,15.3
718,2021-03-02,130081.0,482.0,121899.0,2850.0,69.7,15.3
719,2021-03-01,129599.0,242.0,121539.0,2825.0,67.4,13.7
720,2021-02-28,129357.0,103.0,121051.0,2818.0,66.9,11.8
721,2021-02-27,129254.0,311.0,120863.0,2818.0,68.1,9.6
722,2021-02-26,128943.0,497.0,120638.0,2814.0,65.2,5.3
723,2021-02-25,128446.0,510.0,120264.0,2805.0,63.1,1.3
724,2021-02-24,127936.0,483.0,119920.0,2781.0,62.1,-2.4
725,2021-02-23,127453.0,268.0,119507.0,2766.0,59.3,-6.0
726,2021-02-22,127185.0,287.0,119125.0,2740.0,57.9,-8.6
727,2021-02-21,126898.0,73.0,118635.0,2728.0,58.5,-11.9
728,2021-02-20,126825.0,252.0,118433.0,2727.0,56.4,-14.7
729,2021-02-19,126573.0,372.0,118114.0,2720.0,55.4,-15.7
730,2021-02-18,126201.0,475.0,117598.0,2702.0,55.4,-16.7
731,2021-02-17,125726.0,444.0,117150.0,2670.0,54.7,-17.1
732,2021-02-16,125282.0,296.0,116574.0,2645.0,57.1,-17.6
733,2021-02-15,124986.0,196.0,115860.0,2620.0,58.3,-18.9
734,2021-02-14,124790.0,71.0,115319.0,2609.0,58.1,-19.2
735,2021-02-13,124719.0,204.0,115124.0,2605.0,60.8,-18.5
736,2021-02-12,124515.0,384.0,114823.0,2597.0,62.2,-18.0
737,2021-02-11,124131.0,396.0,114151.0,2573.0,63.5,-18.0
738,2021-02-10,123735.0,546.0,113476.0,2556.0,65.3,-18.2
739,2021-02-09,123189.0,302.0,112810.0,2506.0,66.5,-19.1
740,2021-02-08,122887.0,284.0,112038.0,2485.0,72.0,-20.0
741,2021-02-07,122603.0,156.0,111168.0,2470.0,72.8,-20.9
742,2021-02-06,122447.0,222.0,110882.0,2466.0,72.3,-21.4
743,2021-02-05,122225.0,352.0,110517.0,2453.0,75.7,-20.8
744,2021-02-04,121873.0,484.0,109612.0,2418.0,77.1,-20.8
745,2021-02-03,121389.0,644.0,108665.0,2374.0,81.4,-21.6
746,2021-02-02,120745.0,353.0,107744.0,2326.0,86.4,-23.0
747,2021-02-01,120392.0,455.0,106870.0,2293.0,86.0,-25.0
748,2021-01-31,119937.0,140.0,106105.0,2276.0,86.0,-27.9
749,2021-01-30,119797.0,291.0,105676.0,2264.0,88.5,-29.0
750,2021-01-29,119506.0,556.0,105113.0,2235.0,92.4,-29.0
751,2021-01-28,118950.0,503.0,104508.0,2195.0,97.2,-29.4
752,2021-01-27,118447.0,890.0,103847.0,2164.0,103.0,-30.6
753,2021-01-26,117557.0,433.0,103004.0,2101.0,108.4,-31.1
754,2021-01-25,117124.0,369.0,102144.0,2067.0,109.8,-30.6
755,2021-01-24,116755.0,160.0,101249.0,2040.0,112.8,-28.1
756,2021-01-23,116595.0,463.0,100793.0,2039.0,113.5,-25.8
757,2021-01-22,116132.0,615.0,99898.0,2021.0,119.5,-22.8
758,2021-01-21,115517.0,901.0,99213.0,1996.0,128.8,-17.1
759,2021-01-20,114616.0,732.0,98289.0,1957.0,137.5,-8.7
760,2021-01-19,113884.0,824.0,96921.0,1918.0,145.3,-0.1
761,2021-01-18,113060.0,544.0,95722.0,1860.0,164.3,8.2
762,2021-01-17,112516.0,284.0,94362.0,1833.0,165.3,14.1
763,2021-01-16,112232.0,495.0,93823.0,1822.0,168.7,20.2
764,2021-01-15,111737.0,990.0,93262.0,1800.0,179.2,25.4
765,2021-01-14,110747.0,1222.0,92100.0,1755.0,196.2,29.6
766,2021-01-13,109525.0,1222.0,90827.0,1711.0,201.4,29.5
767,2021-01-12,108303.0,1070.0,89399.0,1635.0,201.7,24.6
768,2021-01-11,107233.0,1036.0,88187.0,1591.0,192.4,16.8
769,2021-01-10,106197.0,340.0,86762.0,1565.0,199.2,7.8
770,2021-01-09,105857.0,732.0,86233.0,1560.0,200.9,-1.8
771,2021-01-08,105125.0,1479.0,85603.0,1547.0,173.9,-10.2
772,2021-01-07,103646.0,1569.0,84517.0,1487.0,142.7,-18.6
773,2021-01-06,102077.0,1306.0,83245.0,1445.0,134.1,-24.8
774,2021-01-05,100771.0,1235.0,82025.0,1390.0,134.9,-27.6
775,2021-01-04,99536.0,771.0,80661.0,1327.0,138.8,-27.9
776,2021-01-03,98765.0,656.0,79465.0,1305.0,139.6,-27.2
777,2021-01-02,98109.0,460.0,79050.0,1285.0,145.4,-25.5
778,2021-01-01,97649.0,207.0,78633.0,1277.0,142.9,-23.4
779,2020-12-31,97442.0,643.0,77560.0,1271.0,145.8,-20.0
780,2020-12-30,96799.0,1059.0,76250.0,1247.0,159.9,-15.7
781,2020-12-29,95740.0,1287.0,75069.0,1213.0,166.4,-11.7
782,2020-12-28,94453.0,646.0,73919.0,1172.0,177.9,-7.8
783,2020-12-27,93807.0,815.0,72869.0,1149.0,174.1,-4.0
784,2020-12-26,92992.0,635.0,72526.0,1128.0,168.9,0.6
785,2020-12-25,92357.0,278.0,71944.0,1118.0,205.8,6.6
786,2020-12-24,92079.0,952.0,70815.0,1116.0,235.1,9.1
787,2020-12-23,91127.0,1593.0,69633.0,1105.0,234.7,8.4
788,2020-12-22,89534.0,1504.0,68430.0,1066.0,227.8,7.8
789,2020-12-21,88030.0,953.0,67133.0,1024.0,226.5,7.9
790,2020-12-20,87077.0,516.0,65907.0,1007.0,225.5,8.0
791,2020-12-19,86561.0,1325.0,65350.0,1001.0,224.5,7.8
792,2020-12-18,85236.0,1545.0,64698.0,984.0,218.8,6.9
793,2020-12-17,83691.0,1473.0,63341.0,958.0,212.6,6.6
794,2020-12-16,82218.0,1283.0,62047.0,928.0,208.8,6.8
795,2020-12-15,80935.0,1129.0,60920.0,899.0,209.1,6.7
796,2020-12-14,79806.0,1008.0,59579.0,846.0,203.5,5.1
797,2020-12-13,78798.0,548.0,58284.0,821.0,204.1,2.8
798,2020-12-12,78250.0,1038.0,57655.0,813.0,203.2,0.1
799,2020-12-11,77212.0,1002.0,57042.0,790.0,206.5,-2.2
800,2020-12-10,76210.0,1656.0,55660.0,768.0,205.5,-5.0
801,2020-12-09,74554.0,1123.0,54170.0,749.0,198.4,-7.8
802,2020-12-08,73431.0,1348.0,52666.0,732.0,195.2,-9.6
803,2020-12-07,72083.0,640.0,51266.0,699.0,191.3,-11.1
804,2020-12-06,71443.0,355.0,49816.0,683.0,189.6,-11.7
805,2020-12-05,71088.0,1320.0,49406.0,679.0,191.2,-12.1
806,2020-12-04,69768.0,1260.0,48747.0,657.0,187.5,-12.0
807,2020-12-03,68508.0,1244.0,47474.0,641.0,185.3,-10.9
808,2020-12-02,67264.0,958.0,46150.0,618.0,188.0,-9.4
809,2020-12-01,66306.0,1161.0,44873.0,594.0,199.0,-8.4
810,2020-11-30,65145.0,925.0,43409.0,565.0,210.4,-6.8
811,2020-11-29,64220.0,332.0,42014.0,553.0,213.7,-5.5
812,2020-11-28,63888.0,824.0,41421.0,550.0,212.9,-3.7
813,2020-11-27,63064.0,1400.0,40762.0,539.0,217.1,-1.6
814,2020-11-26,61664.0,1110.0,39578.0,527.0,220.5,0.8
815,2020-11-25,60554.0,1630.0,38449.0,508.0,222.8,3.4
816,2020-11-24,58924.0,1615.0,37097.0,492.0,228.1,6.8
817,2020-11-23,57309.0,805.0,35963.0,456.0,228.7,9.4
818,2020-11-22,56504.0,436.0,34883.0,449.0,233.9,11.8
819,2020-11-21,56068.0,1051.0,34460.0,447.0,233.8,13.0
820,2020-11-20,55017.0,1703.0,33850.0,441.0,231.8,13.9
821,2020-11-19,53314.0,1251.0,32827.0,422.0,234.9,14.8
822,2020-11-18,52063.0,1457.0,31806.0,401.0,244.1,15.3
823,2020-11-17,50606.0,1572.0,30940.0,393.0,233.9,13.5
824,2020-11-16,49034.0,1337.0,29927.0,371.0,229.7,12.7
825,2020-11-15,47697.0,432.0,28976.0,362.0,221.8,12.6
826,2020-11-14,47265.0,831.0,28585.0,358.0,220.5,12.7
827,2020-11-13,46434.0,1328.0,28130.0,348.0,214.4,12.1
828,2020-11-12,45106.0,1960.0,27344.0,333.0,207.5,12.0
829,2020-11-11,43146.0,1132.0,26502.0,321.0,195.5,12.3
830,2020-11-10,42014.0,1554.0,25767.0,313.0,196.2,15.2
831,2020-11-09,40460.0,840.0,25044.0,301.0,194.7,18.0
832,2020-11-08,39620.0,241.0,24368.0,295.0,196.5,21.1
833,2020-11-07,39379.0,697.0,24025.0,294.0,195.0,23.3
834,2020-11-06,38682.0,1329.0,23652.0,292.0,192.4,25.0
835,2020-11-05,37353.0,1387.0,23001.0,287.0,185.5,27.0
836,2020-11-04,35966.0,1148.0,22417.0,272.0,186.9,29.6
837,2020-11-03,34818.0,1513.0,21850.0,265.0,181.3,31.2
838,2020-11-02,33305.0,713.0,21330.0,261.0,170.8,33.9
839,2020-11-01,32592.0,362.0,20839.0,261.0,169.8,38.1
840,2020-10-31,32230.0,791.0,20587.0,261.0,168.1,40.7
841,2020-10-30,31439.0,1084.0,20302.0,255.0,163.9,41.2
842,2020-10-29,30355.0,1131.0,19868.0,253.0,159.9,40.7
843,2020-10-28,29224.0,1161.0,19437.0,253.0,146.6,39.4
844,2020-10-27,28063.0,1040.0,19063.0,251.0,140.5,39.6
845,2020-10-26,27023.0,931.0,18698.0,251.0,133.9,40.0
846,2020-10-25,26092.0,304.0,18281.0,250.0,130.3,41.8
847,2020-10-24,25788.0,415.0,18075.0,249.0,127.1,42.1
848,2020-10-23,25373.0,893.0,17816.0,248.0,119.1,40.7
849,2020-10-22,24480.0,783.0,17442.0,245.0,113.1,40.2
850,2020-10-21,23697.0,971.0,17107.0,243.0,107.1,40.0
851,2020-10-20,22726.0,822.0,16759.0,243.0,96.3,41.0
852,2020-10-19,21904.0,476.0,16418.0,241.0,91.3,44.9
853,2020-10-18,21428.0,302.0,16104.0,241.0,90.0,50.1
854,2020-10-17,21126.0,363.0,15894.0,239.0,90.2,54.5
855,2020-10-16,20763.0,676.0,15708.0,239.0,86.8,55.4
856,2020-10-15,20087.0,551.0,15391.0,238.0,80.6,55.9
857,2020-10-14,19536.0,503.0,15126.0,236.0,78.1,57.2
858,2020-10-13,19033.0,706.0,14881.0,236.0,73.0,57.0
859,2020-10-12,18327.0,252.0,14652.0,234.0,65.3,56.4
860,2020-10-11,18075.0,247.0,14407.0,234.0,64.3,58.0
861,2020-10-10,17828.0,273.0,14302.0,234.0,62.3,55.8
862,2020-10-09,17555.0,443.0,14180.0,234.0,57.8,50.6
863,2020-10-08,17112.0,498.0,13965.0,233.0,53.9,44.6
864,2020-10-07,16614.0,378.0,13787.0,232.0,47.9,38.7
865,2020-10-06,16236.0,288.0,13601.0,231.0,45.1,35.0
866,2020-10-05,15948.0,301.0,13447.0,231.0,42.2,32.0
867,2020-10-04,15647.0,74.0,13270.0,231.0,40.0,30.9
868,2020-10-03,15573.0,203.0,13168.0,231.0,39.6,29.9
869,2020-10-02,15370.0,339.0,13060.0,231.0,35.9,26.9
870,2020-10-01,15031.0,244.0,12888.0,229.0,33.7,27.7
871,2020-09-30,14787.0,288.0,12751.0,228.0,31.2,29.6
872,2020-09-29,14499.0,173.0,12595.0,228.0,29.9,34.0
873,2020-09-28,14326.0,131.0,12457.0,228.0,29.6,40.2
874,2020-09-27,14195.0,83.0,12307.0,228.0,29.6,44.4
875,2020-09-26,14112.0,143.0,12242.0,228.0,28.9,46.5
876,2020-09-25,13969.0,159.0,12176.0,228.0,28.5,46.9
877,2020-09-24,13810.0,238.0,12061.0,228.0,27.1,43.2
878,2020-09-23,13572.0,199.0,11935.0,228.0,26.8,41.0
879,2020-09-22,13373.0,117.0,11843.0,228.0,25.4,36.5
880,2020-09-21,13256.0,148.0,11827.0,227.0,22.9,30.6
881,2020-09-20,13108.0,44.0,11724.0,227.0,22.3,26.6
882,2020-09-19,13064.0,146.0,11667.0,227.0,21.9,21.0
883,2020-09-18,12918.0,186.0,11608.0,227.0,19.0,14.4
884,2020-09-17,12732.0,140.0,11532.0,227.0,18.1,11.9
885,2020-09-16,12592.0,130.0,11450.0,227.0,16.5,9.6
886,2020-09-15,12462.0,109.0,11367.0,227.0,14.9,8.8
887,2020-09-14,12353.0,85.0,11272.0,226.0,15.8,10.0
888,2020-09-13,12268.0,15.0,11178.0,226.0,15.7,10.7
889,2020-09-12,12253.0,38.0,11124.0,226.0,15.9,11.1
890,2020-09-11,12215.0,126.0,11078.0,226.0,16.8,10.7
891,2020-09-10,12089.0,139.0,11012.0,226.0,15.0,9.0
892,2020-09-09,11950.0,72.0,10931.0,226.0,14.3,8.0
893,2020-09-08,11878.0,87.0,10833.0,226.0,14.5,9.0
894,2020-09-07,11791.0,65.0,10740.0,226.0,14.4,8.9
895,2020-09-06,11726.0,24.0,10662.0,226.0,14.4,8.3
896,2020-09-05,11702.0,80.0,10610.0,226.0,14.1,7.0
897,2020-09-04,11622.0,94.0,10566.0,226.0,13.7,5.9
898,2020-09-03,11528.0,98.0,10507.0,226.0,13.6,5.3
899,2020-09-02,11430.0,84.0,10440.0,226.0,13.9,5.5
900,2020-09-01,11346.0,81.0,10387.0,226.0,13.9,1.5
901,2020-08-31,11265.0,77.0,10312.0,226.0,13.1,-3.6
902,2020-08-30,11188.0,6.0,10220.0,226.0,13.0,-6.6
903,2020-08-29,11182.0,58.0,10185.0,226.0,12.9,-9.0
904,2020-08-28,11124.0,114.0,10129.0,226.0,12.2,-10.1
905,2020-08-27,11010.0,77.0,10051.0,226.0,13.1,-10.9
906,2020-08-26,10933.0,82.0,9972.0,226.0,12.3,-12.0
907,2020-08-25,10851.0,66.0,9875.0,226.0,12.5,-8.9
908,2020-08-24,10785.0,58.0,9806.0,226.0,12.6,-4.4
909,2020-08-23,10727.0,11.0,9721.0,226.0,12.7,1.5
910,2020-08-22,10716.0,62.0,9660.0,226.0,12.7,7.4
911,2020-08-21,10654.0,112.0,9609.0,226.0,12.7,12.5
912,2020-08-20,10542.0,80.0,9513.0,226.0,12.1,19.0
913,2020-08-19,10462.0,69.0,9442.0,224.0,14.1,29.0
914,2020-08-18,10393.0,75.0,9376.0,224.0,14.8,35.1
915,2020-08-17,10318.0,66.0,9322.0,224.0,14.7,38.0
916,2020-08-16,10252.0,15.0,9273.0,224.0,14.8,40.1
917,2020-08-15,10237.0,42.0,9239.0,224.0,14.4,39.6
918,2020-08-14,10195.0,89.0,9193.0,224.0,15.2,38.7
919,2020-08-13,10106.0,131.0,9132.0,224.0,15.0,33.0
920,2020-08-12,9975.0,125.0,9088.0,224.0,12.9,24.4
921,2020-08-11,9850.0,111.0,9035.0,224.0,11.7,22.2
922,2020-08-10,9739.0,42.0,8984.0,224.0,10.4,23.5
923,2020-08-09,9697.0,10.0,8936.0,224.0,10.3,27.9
924,2020-08-08,9687.0,48.0,8908.0,224.0,10.7,31.8
925,2020-08-07,9639.0,97.0,8888.0,224.0,9.9,32.1
926,2020-08-06,9542.0,53.0,8857.0,224.0,9.0,36.5
927,2020-08-05,9489.0,91.0,8800.0,224.0,9.0,46.1
928,2020-08-04,9398.0,32.0,8748.0,223.0,9.2,55.3
929,2020-08-03,9366.0,39.0,8705.0,223.0,9.0,63.1
930,2020-08-02,9327.0,9.0,8658.0,223.0,9.1,69.7
931,2020-08-01,9318.0,45.0,8627.0,223.0,8.7,71.5
932,2020-07-31,9273.0,82.0,8590.0,223.0,8.2,73.1
933,2020-07-30,9191.0,42.0,8572.0,223.0,8.2,69.5
934,2020-07-29,9149.0,79.0,8542.0,223.0,7.1,55.5
935,2020-07-28,9070.0,51.0,8514.0,223.0,6.2,40.2
936,2020-07-27,9019.0,19.0,8482.0,223.0,5.9,25.4
937,2020-07-26,9000.0,10.0,8450.0,223.0,5.8,10.0
938,2020-07-25,8990.0,34.0,8429.0,223.0,5.9,-4.5
939,2020-07-24,8956.0,63.0,8418.0,223.0,4.8,-20.2
940,2020-07-23,8893.0,34.0,8386.0,222.0,3.9,-28.1
941,2020-07-22,8859.0,23.0,8356.0,222.0,3.9,-32.8
942,2020-07-21,8836.0,35.0,8312.0,222.0,3.6,-34.5
943,2020-07-20,8801.0,23.0,8283.0,221.0,3.6,-33.9
944,2020-07-19,8778.0,5.0,8250.0,221.0,3.6,-33.4
945,2020-07-18,8773.0,26.0,8235.0,221.0,3.2,-31.7
946,2020-07-17,8747.0,23.0,8199.0,221.0,3.6,-27.1
947,2020-07-16,8724.0,26.0,8169.0,221.0,4.0,-22.6
948,2020-07-15,8698.0,25.0,8114.0,221.0,4.6,-18.7
949,2020-07-14,8673.0,18.0,8069.0,220.0,5.0,-16.6
950,2020-07-13,8655.0,18.0,8036.0,219.0,5.1,-16.9
951,2020-07-12,8637.0,1.0,7995.0,217.0,5.2,-17.2
952,2020-07-11,8636.0,20.0,7967.0,217.0,5.9,-17.4
953,2020-07-10,8616.0,31.0,7938.0,216.0,6.1,-19.2
954,2020-07-09,8585.0,49.0,7896.0,216.0,6.7,-25.7
955,2020-07-08,8536.0,35.0,7828.0,216.0,6.7,-34.0
956,2020-07-07,8501.0,40.0,7778.0,215.0,6.6,-39.2
957,2020-07-06,8461.0,11.0,7738.0,215.0,7.2,-41.1
958,2020-07-05,8450.0,17.0,7670.0,215.0,7.2,-40.1
959,2020-07-04,8433.0,41.0,7646.0,215.0,6.8,-37.7
960,2020-07-03,8392.0,48.0,7612.0,214.0,6.8,-35.4
961,2020-07-02,8344.0,43.0,7515.0,214.0,7.0,-29.1
962,2020-07-01,8301.0,59.0,7433.0,214.0,7.3,-20.1
963,2020-06-30,8242.0,23.0,7349.0,214.0,8.3,-11.1
964,2020-06-29,8219.0,44.0,7272.0,214.0,8.6,-2.1
965,2020-06-28,8175.0,8.0,7217.0,213.0,9.1,7.6
966,2020-06-27,8167.0,23.0,7196.0,213.0,9.5,18.3
967,2020-06-26,8144.0,49.0,7125.0,213.0,12.1,33.2
968,2020-06-25,8095.0,75.0,7081.0,212.0,13.9,44.9
969,2020-06-24,8020.0,46.0,7032.0,212.0,14.6,53.2
970,2020-06-23,7974.0,59.0,6961.0,211.0,14.8,59.1
971,2020-06-22,7915.0,83.0,6920.0,211.0,13.9,62.3
972,2020-06-21,7832.0,29.0,6886.0,211.0,13.7,67.4
973,2020-06-20,7803.0,71.0,6874.0,211.0,14.6,66.8
974,2020-06-19,7732.0,130.0,6850.0,211.0,12.0,53.0
975,2020-06-18,7602.0,128.0,6806.0,211.0,10.0,45.7
976,2020-06-17,7474.0,73.0,6778.0,210.0,9.7,45.0
977,2020-06-16,7401.0,33.0,6725.0,209.0,9.2,43.3
978,2020-06-15,7368.0,47.0,6685.0,208.0,9.2,43.0
979,2020-06-14,7321.0,40.0,6656.0,208.0,9.1,36.6
980,2020-06-13,7281.0,30.0,6627.0,208.0,7.6,29.7
981,2020-06-12,7251.0,87.0,6609.0,208.0,7.5,29.0
982,2020-06-11,7164.0,29.0,6582.0,208.0,6.9,25.8
983,2020-06-10,7135.0,54.0,6559.0,208.0,6.3,24.9
984,2020-06-09,7081.0,40.0,6531.0,206.0,5.9,24.6
985,2020-06-08,7041.0,26.0,6531.0,206.0,5.2,22.0
986,2020-06-07,7015.0,19.0,6470.0,205.0,5.7,21.3
987,2020-06-06,6996.0,33.0,6455.0,205.0,5.9,16.1
988,2020-06-05,6963.0,18.0,6443.0,201.0,5.7,7.7
989,2020-06-04,6945.0,45.0,6412.0,200.0,5.5,2.3
990,2020-06-03,6900.0,27.0,6388.0,200.0,5.1,-6.6
991,2020-06-02,6873.0,35.0,6358.0,198.0,4.6,-13.9
992,2020-06-01,6838.0,23.0,6319.0,198.0,5.1,-16.8
993,2020-05-31,6815.0,16.0,6279.0,198.0,4.5,-19.0
994,2020-05-30,6799.0,33.0,6259.0,198.0,4.1,-18.4
995,2020-05-29,6766.0,29.0,6240.0,197.0,4.2,-16.3
996,2020-05-28,6737.0,35.0,6208.0,196.0,3.9,-13.1
997,2020-05-27,6702.0,30.0,6175.0,195.0,4.0,-9.5
998,2020-05-26,6672.0,21.0,6123.0,193.0,4.6,-5.5
999,2020-05-25,6651.0,10.0,6086.0,191.0,4.9,-4.7
1000,2020-05-24,6641.0,5.0,6060.0,191.0,5.0,-7.6
1001,2020-05-23,6636.0,25.0,6049.0,191.0,5.2,-12.0
1002,2020-05-22,6611.0,29.0,6018.0,190.0,4.8,-16.8
1003,2020-05-21,6582.0,30.0,5987.0,190.0,5.7,-20.1
1004,2020-05-20,6552.0,49.0,5959.0,186.0,6.0,-23.9
1005,2020-05-19,6503.0,29.0,5918.0,186.0,5.8,-27.3
1006,2020-05-18,6474.0,20.0,5880.0,182.0,5.4,-30.0
1007,2020-05-17,6454.0,11.0,5850.0,180.0,5.4,-30.5
1008,2020-05-16,6443.0,19.0,5825.0,181.0,5.4,-29.1
1009,2020-05-15,6424.0,31.0,5787.0,181.0,5.1,-28.1
1010,2020-05-14,6393.0,55.0,5737.0,177.0,5.4,-28.0
1011,2020-05-13,6338.0,44.0,5687.0,173.0,5.4,-28.4
1012,2020-05-12,6294.0,25.0,5641.0,170.0,5.9,-27.8
1013,2020-05-11,6269.0,2.0,5586.0,165.0,6.8,-26.3
1014,2020-05-10,6267.0,11.0,5518.0,165.0,7.4,-24.5
1015,2020-05-09,6256.0,20.0,5477.0,165.0,7.8,-23.1
1016,2020-05-08,6236.0,33.0,5431.0,164.0,8.4,-22.6
1017,2020-05-07,6203.0,60.0,5364.0,163.0,8.3,-23.7
1018,2020-05-06,6143.0,57.0,5296.0,162.0,8.6,-23.6
1019,2020-05-05,6086.0,50.0,5296.0,162.0,9.2,-23.8
1020,2020-05-04,6036.0,32.0,5154.0,154.0,9.3,-23.4
1021,2020-05-03,6004.0,34.0,5091.0,154.0,9.1,-22.6
1022,2020-05-02,5970.0,34.0,5040.0,154.0,9.6,-21.2
1023,2020-05-01,5936.0,55.0,4978.0,152.0,10.9,-19.6
1024,2020-04-30,5881.0,60.0,4897.0,149.0,11.8,-17.4
1025,2020-04-29,5821.0,83.0,4837.0,147.0,12.2,-18.3
1026,2020-04-28,5738.0,61.0,4730.0,137.0,12.2,-20.7
1027,2020-04-27,5677.0,33.0,4652.0,127.0,11.9,-25.3
1028,2020-04-26,5644.0,37.0,4587.0,125.0,12.1,-29.5
1029,2020-04-25,5607.0,75.0,4508.0,123.0,12.9,-31.9
1030,2020-04-24,5532.0,56.0,4412.0,113.0,14.1,-33.1
1031,2020-04-23,5476.0,121.0,,112.0,14.3,-36.5
1032,2020-04-22,5355.0,14.0,,105.0,15.1,-38.5
1033,2020-04-21,5341.0,76.0,,105.0,15.1,-38.8
1034,2020-04-20,5265.0,40.0,,97.0,15.5,-37.7
1035,2020-04-19,5225.0,38.0,,94.0,16.1,-35.9
1036,2020-04-18,5187.0,96.0,,92.0,16.3,-33.4
1037,2020-04-17,5091.0,120.0,,91.0,15.3,-31.4
1038,2020-04-16,4971.0,101.0,,84.0,17.6,-27.4
1039,2020-04-15,4870.0,141.0,,74.0,19.4,-24.1
1040,2020-04-14,4729.0,62.0,,62.0,22.9,-21.3
1041,2020-04-13,4667.0,84.0,,56.0,25.1,-18.9
1042,2020-04-12,4583.0,30.0,,51.0,25.8,-16.6
1043,2020-04-11,4553.0,107.0,,50.0,26.4,-13.6
1044,2020-04-10,4446.0,89.0,,46.0,30.6,-9.2
1045,2020-04-09,4357.0,145.0,,42.0,32.2,-6.0
1046,2020-04-08,4212.0,174.0,,37.0,32.5,-2.0
1047,2020-04-07,4038.0,176.0,,32.0,32.8,3.3
1048,2020-04-06,3862.0,175.0,,28.0,33.5,10.0
1049,2020-04-05,3687.0,61.0,,26.0,33.7,17.9
1050,2020-04-04,3626.0,140.0,,24.0,36.2,26.5
1051,2020-04-03,3486.0,263.0,,22.0,35.4,35.0
1052,2020-04-02,3223.0,230.0,,20.0,36.7,46.7
1053,2020-04-01,2993.0,216.0,,,38.2,60.6
1054,2020-03-31,2777.0,196.0,,16.0,37.8,75.3
1055,2020-03-30,2581.0,119.0,,13.0,37.5,92.0
1056,2020-03-29,2462.0,125.0,,11.0,37.0,109.6
1057,2020-03-28,2337.0,185.0,,9.0,35.1,125.9
1058,2020-03-27,2152.0,215.0,,8.0,34.0,144.3
1059,2020-03-26,1937.0,292.0,,7.0,31.2,160.7
1060,2020-03-25,1645.0,220.0,,4.0,28.5,180.4
1061,2020-03-24,1425.0,206.0,,3.0,25.6,204.4
1062,2020-03-23,1219.0,148.0,,2.0,23.0,237.1
1063,2020-03-22,1071.0,46.0,,1.0,21.8,278.8
1064,2020-03-21,1025.0,157.0,,1.0,19.2,299.0
1065,2020-03-20,868.0,180.0,,1.0,16.2,294.8
1066,2020-03-19,688.0,169.0,,,12.5,262.5
1067,2020-03-18,519.0,136.0,,,9.7,246.1
1068,2020-03-17,383.0,51.0,,,8.1,267.7
1069,2020-03-16,332.0,332.0,,,7.0,
