areaType,areaName,areaCode,date,newCasesBySpecimenDate,cumCasesBySpecimenDate,newFirstEpisodesBySpecimenDate,cumFirstEpisodesBySpecimenDate,newReinfectionsBySpecimenDate,cumReinfectionsBySpecimenDate
ltla,Cardiff,W06000015,2023-05-04,,,28,,3,
ltla,Cardiff,W06000015,2023-05-03,0,107239,0,101165,0,6074
ltla,Cardiff,W06000015,2023-05-02,3,107239,3,101165,0,6074
ltla,Cardiff,W06000015,2023-05-01,3,107236,3,101162,0,6074
ltla,Cardiff,W06000015,2023-04-30,0,107233,0,101159,0,6074
ltla,Cardiff,W06000015,2023-04-29,7,107233,6,101159,1,6074
ltla,Cardiff,W06000015,2023-04-28,6,107226,6,101153,0,6073
ltla,Cardiff,W06000015,2023-04-27,4,107220,30,101147,3,6073
ltla,Cardiff,W06000015,2023-04-26,7,107216,6,101144,1,6072
ltla,Cardiff,W06000015,2023-04-25,2,107209,2,101138,0,6071
ltla,Cardiff,W06000015,2023-04-24,5,107207,4,101136,1,6071
ltla,Cardiff,W06000015,2023-04-23,5,107202,5,101132,0,6070
ltla,Cardiff,W06000015,2023-04-22,7,107197,7,101127,0,6070
ltla,Cardiff,W06000015,2023-04-21,3,107190,2,101120,1,6070
ltla,Cardiff,W06000015,2023-04-20,6,107187,5,101118,5,6069
ltla,Cardiff,W06000015,2023-04-19,2,107181,2,101113,0,6068
ltla,Cardiff,W06000015,2023-04-18,6,107179,6,101111,0,6068
ltla,Cardiff,W06000015,2023-04-17,5,107173,5,101105,0,6068
ltla,Cardiff,W06000015,2023-04-16,7,107168,5,101100,2,6068
ltla,Cardiff,W06000015,2023-04-15,5,107161,4,101095,1,6066
ltla,Cardiff,W06000015,2023-04-14,3,107156,3,101091,0,6065
ltla,Cardiff,W06000015,2023-04-13,3,107153,3,101088,11,6065
ltla,Cardiff,W06000015,2023-04-12,10,107150,8,101085,2,6065
ltla,Cardiff,W06000015,2023-04-11,7,107140,5,101077,2,6063
ltla,Cardiff,W06000015,2023-04-10,4,107133,3,101072,1,6061
ltla,Cardiff,W06000015,2023-04-09,4,107129,4,101069,0,6060
ltla,Cardiff,W06000015,2023-04-08,3,107125,2,101065,1,6060
ltla,Cardiff,W06000015,2023-04-07,4,107122,3,101063,1,6059
ltla,Cardiff,W06000015,2023-04-06,7,107118,5,101060,25,6058
ltla,Cardiff,W06000015,2023-04-05,11,107111,8,101055,3,6056
ltla,Cardiff,W06000015,2023-04-04,8,107100,5,101047,3,6053
ltla,Cardiff,W06000015,2023-04-03,11,107092,8,101042,3,6050
ltla,Cardiff,W06000015,2023-04-02,7,107081,4,101034,3,6047
ltla,Cardiff,W06000015,2023-04-01,8,107074,3,101030,5,6044
ltla,Cardiff,W06000015,2023-03-31,11,107066,7,101027,4,6039
ltla,Cardiff,W06000015,2023-03-30,10,107055,8,101020,23,6035
ltla,Cardiff,W06000015,2023-03-29,14,107045,11,101012,3,6033
ltla,Cardiff,W06000015,2023-03-28,14,107031,8,101001,6,6030
ltla,Cardiff,W06000015,2023-03-27,18,107017,14,100993,4,6024
ltla,Cardiff,W06000015,2023-03-26,10,106999,10,100979,0,6020
ltla,Cardiff,W06000015,2023-03-25,11,106989,8,100969,3,6020
ltla,Cardiff,W06000015,2023-03-24,11,106978,7,100961,4,6017
ltla,Cardiff,W06000015,2023-03-23,16,106967,65,100954,5,6013
ltla,Cardiff,W06000015,2023-03-22,10,106951,7,100943,3,6008
ltla,Cardiff,W06000015,2023-03-21,20,106941,14,100936,6,6005
ltla,Cardiff,W06000015,2023-03-20,14,106921,8,100922,6,5999
ltla,Cardiff,W06000015,2023-03-19,12,106907,8,100914,4,5993
ltla,Cardiff,W06000015,2023-03-18,12,106895,8,100906,4,5989
ltla,Cardiff,W06000015,2023-03-17,17,106883,9,100898,8,5985
ltla,Cardiff,W06000015,2023-03-16,18,106866,98,100889,41,5977
ltla,Cardiff,W06000015,2023-03-15,15,106848,9,100875,6,5973
ltla,Cardiff,W06000015,2023-03-14,26,106833,17,100866,9,5967
ltla,Cardiff,W06000015,2023-03-13,22,106807,17,100849,5,5958
ltla,Cardiff,W06000015,2023-03-12,16,106785,12,100832,4,5953
ltla,Cardiff,W06000015,2023-03-11,13,106769,11,100820,2,5949
ltla,Cardiff,W06000015,2023-03-10,18,106756,11,100809,7,5947
ltla,Cardiff,W06000015,2023-03-09,21,106738,64,100798,5,5940
ltla,Cardiff,W06000015,2023-03-08,21,106717,14,100782,7,5935
ltla,Cardiff,W06000015,2023-03-07,17,106696,12,100768,5,5928
ltla,Cardiff,W06000015,2023-03-06,18,106679,13,100756,5,5923
ltla,Cardiff,W06000015,2023-03-05,11,106661,7,100743,4,5918
ltla,Cardiff,W06000015,2023-03-04,8,106650,7,100736,1,5914
ltla,Cardiff,W06000015,2023-03-03,11,106642,7,100729,4,5913
ltla,Cardiff,W06000015,2023-03-02,17,106631,50,100722,7,5909
ltla,Cardiff,W06000015,2023-03-01,12,106614,8,100712,4,5902
ltla,Cardiff,W06000015,2023-02-28,14,106602,9,100704,5,5898
ltla,Cardiff,W06000015,2023-02-27,12,106588,8,100695,4,5893
ltla,Cardiff,W06000015,2023-02-26,8,106576,5,100687,3,5889
ltla,Cardiff,W06000015,2023-02-25,7,106568,5,100682,2,5886
ltla,Cardiff,W06000015,2023-02-24,9,106561,7,100677,2,5884
ltla,Cardiff,W06000015,2023-02-23,14,106552,60,100670,3,5882
ltla,Cardiff,W06000015,2023-02-22,13,106538,6,100659,7,5879
ltla,Cardiff,W06000015,2023-02-21,15,106525,13,100653,2,5872
ltla,Cardiff,W06000015,2023-02-20,15,106510,11,100640,4,5870
ltla,Cardiff,W06000015,2023-02-19,9,106495,7,100629,2,5866
ltla,Cardiff,W06000015,2023-02-18,6,106486,4,100622,2,5864
ltla,Cardiff,W06000015,2023-02-17,13,106480,9,100618,4,5862
ltla,Cardiff,W06000015,2023-02-16,11,106467,5,100609,6,5858
ltla,Cardiff,W06000015,2023-02-15,20,106456,14,100604,6,5852
ltla,Cardiff,W06000015,2023-02-14,9,106436,2,100590,7,5846
ltla,Cardiff,W06000015,2023-02-13,8,106427,4,100588,4,5839
ltla,Cardiff,W06000015,2023-02-12,7,106419,4,100584,3,5835
ltla,Cardiff,W06000015,2023-02-11,9,106412,5,100580,4,5832
ltla,Cardiff,W06000015,2023-02-10,10,106403,7,100575,3,5828
ltla,Cardiff,W06000015,2023-02-09,11,106393,7,100568,4,5825
ltla,Cardiff,W06000015,2023-02-08,19,106382,12,100561,7,5821
ltla,Cardiff,W06000015,2023-02-07,12,106363,7,100549,5,5814
ltla,Cardiff,W06000015,2023-02-06,13,106351,9,100542,4,5809
ltla,Cardiff,W06000015,2023-02-05,12,106338,11,100533,1,5805
ltla,Cardiff,W06000015,2023-02-04,6,106326,1,100522,5,5804
ltla,Cardiff,W06000015,2023-02-03,6,106320,3,100521,3,5799
ltla,Cardiff,W06000015,2023-02-02,7,106314,40,100518,31,5796
ltla,Cardiff,W06000015,2023-02-01,18,106307,10,100514,8,5793
ltla,Cardiff,W06000015,2023-01-31,10,106289,5,100504,5,5785
ltla,Cardiff,W06000015,2023-01-30,14,106279,6,100499,8,5780
ltla,Cardiff,W06000015,2023-01-29,5,106265,1,100493,4,5772
ltla,Cardiff,W06000015,2023-01-28,6,106260,3,100492,3,5768
ltla,Cardiff,W06000015,2023-01-27,13,106254,6,100489,7,5765
ltla,Cardiff,W06000015,2023-01-26,11,106241,8,100483,3,5758
ltla,Cardiff,W06000015,2023-01-25,19,106230,16,100475,3,5755
ltla,Cardiff,W06000015,2023-01-24,6,106211,4,100459,2,5752
ltla,Cardiff,W06000015,2023-01-23,11,106205,8,100455,3,5750
ltla,Cardiff,W06000015,2023-01-22,1,106194,1,100447,0,5747
ltla,Cardiff,W06000015,2023-01-21,3,106193,0,100446,3,5747
ltla,Cardiff,W06000015,2023-01-20,8,106190,6,100446,2,5744
ltla,Cardiff,W06000015,2023-01-19,4,106182,30,100440,13,5742
ltla,Cardiff,W06000015,2023-01-18,10,106178,8,100437,2,5741
ltla,Cardiff,W06000015,2023-01-17,9,106168,6,100429,3,5739
ltla,Cardiff,W06000015,2023-01-16,9,106159,5,100423,4,5736
ltla,Cardiff,W06000015,2023-01-15,3,106150,1,100418,2,5732
ltla,Cardiff,W06000015,2023-01-14,3,106147,2,100417,1,5730
ltla,Cardiff,W06000015,2023-01-13,3,106144,1,100415,2,5729
ltla,Cardiff,W06000015,2023-01-12,10,106141,9,100414,30,5727
ltla,Cardiff,W06000015,2023-01-11,6,106131,5,100405,1,5726
ltla,Cardiff,W06000015,2023-01-10,16,106125,14,100400,2,5725
ltla,Cardiff,W06000015,2023-01-09,4,106109,2,100386,2,5723
ltla,Cardiff,W06000015,2023-01-08,6,106105,3,100384,3,5721
ltla,Cardiff,W06000015,2023-01-07,7,106099,4,100381,3,5718
ltla,Cardiff,W06000015,2023-01-06,20,106092,11,100377,9,5715
ltla,Cardiff,W06000015,2023-01-05,20,106072,13,100366,7,5706
ltla,Cardiff,W06000015,2023-01-04,19,106052,16,100353,3,5699
ltla,Cardiff,W06000015,2023-01-03,21,106033,13,100337,8,5696
ltla,Cardiff,W06000015,2023-01-02,10,106012,6,100324,4,5688
ltla,Cardiff,W06000015,2023-01-01,10,106002,9,100318,1,5684
ltla,Cardiff,W06000015,2022-12-31,13,105992,9,100309,4,5683
ltla,Cardiff,W06000015,2022-12-30,15,105979,8,100300,7,5679
ltla,Cardiff,W06000015,2022-12-29,53,105964,35,100292,42,5672
ltla,Cardiff,W06000015,2022-12-28,45,105911,25,100257,20,5654
ltla,Cardiff,W06000015,2022-12-27,18,105866,12,100232,6,5634
ltla,Cardiff,W06000015,2022-12-26,22,105848,18,100220,4,5628
ltla,Cardiff,W06000015,2022-12-25,9,105826,7,100202,2,5624
ltla,Cardiff,W06000015,2022-12-24,10,105817,7,100195,3,5622
ltla,Cardiff,W06000015,2022-12-23,16,105807,10,100188,6,5619
ltla,Cardiff,W06000015,2022-12-22,25,105791,18,100178,87,5613
ltla,Cardiff,W06000015,2022-12-21,37,105766,22,100160,15,5606
ltla,Cardiff,W06000015,2022-12-20,42,105729,27,100138,15,5591
ltla,Cardiff,W06000015,2022-12-19,41,105687,28,100111,13,5576
ltla,Cardiff,W06000015,2022-12-18,14,105646,8,100083,6,5563
ltla,Cardiff,W06000015,2022-12-17,25,105632,17,100075,8,5557
ltla,Cardiff,W06000015,2022-12-16,60,105607,40,100058,20,5549
ltla,Cardiff,W06000015,2022-12-15,26,105547,17,99952,9,5529
ltla,Cardiff,W06000015,2022-12-14,31,105521,23,100001,8,5520
ltla,Cardiff,W06000015,2022-12-13,37,105490,22,99978,15,5512
ltla,Cardiff,W06000015,2022-12-12,45,105453,36,99956,9,5497
ltla,Cardiff,W06000015,2022-12-11,20,105408,16,99920,4,5488
ltla,Cardiff,W06000015,2022-12-10,11,105388,6,99904,5,5484
ltla,Cardiff,W06000015,2022-12-09,20,105377,10,99898,10,5479
ltla,Cardiff,W06000015,2022-12-08,25,105357,83,99888,8,5469
ltla,Cardiff,W06000015,2022-12-07,31,105332,20,99871,11,5461
ltla,Cardiff,W06000015,2022-12-06,29,105301,19,99851,10,5450
ltla,Cardiff,W06000015,2022-12-05,31,105272,23,99832,8,5440
ltla,Cardiff,W06000015,2022-12-04,11,105241,7,99809,4,5432
ltla,Cardiff,W06000015,2022-12-03,9,105230,5,99802,4,5428
ltla,Cardiff,W06000015,2022-12-02,11,105221,8,99797,3,5424
ltla,Cardiff,W06000015,2022-12-01,16,105210,48,99789,5,5421
ltla,Cardiff,W06000015,2022-11-30,23,105194,12,99778,11,5416
ltla,Cardiff,W06000015,2022-11-29,19,105171,12,99766,7,5405
ltla,Cardiff,W06000015,2022-11-28,17,105152,13,99754,4,5398
ltla,Cardiff,W06000015,2022-11-27,6,105135,3,99741,3,5394
ltla,Cardiff,W06000015,2022-11-26,10,105129,6,99738,4,5391
ltla,Cardiff,W06000015,2022-11-25,12,105119,8,99732,4,5387
ltla,Cardiff,W06000015,2022-11-24,8,105107,5,99724,3,5383
ltla,Cardiff,W06000015,2022-11-23,7,105099,5,99719,2,5380
ltla,Cardiff,W06000015,2022-11-22,11,105092,6,99714,5,5378
ltla,Cardiff,W06000015,2022-11-21,9,105081,3,99708,6,5373
ltla,Cardiff,W06000015,2022-11-20,3,105072,1,99705,2,5367
ltla,Cardiff,W06000015,2022-11-19,6,105069,4,99704,2,5365
ltla,Cardiff,W06000015,2022-11-18,9,105063,9,99700,0,5363
ltla,Cardiff,W06000015,2022-11-17,8,105054,7,99691,8,5363
ltla,Cardiff,W06000015,2022-11-16,9,105046,6,99684,3,5362
ltla,Cardiff,W06000015,2022-11-15,9,105037,7,99678,2,5359
ltla,Cardiff,W06000015,2022-11-14,14,105028,12,99671,2,5357
ltla,Cardiff,W06000015,2022-11-13,3,105014,3,99659,0,5355
ltla,Cardiff,W06000015,2022-11-12,1,105011,1,99656,0,5355
ltla,Cardiff,W06000015,2022-11-11,5,105010,2,99655,3,5355
ltla,Cardiff,W06000015,2022-11-10,4,105005,37,99653,18,5352
ltla,Cardiff,W06000015,2022-11-09,4,105001,3,99650,1,5351
ltla,Cardiff,W06000015,2022-11-08,11,104997,10,99647,1,5350
ltla,Cardiff,W06000015,2022-11-07,8,104986,7,99637,1,5349
ltla,Cardiff,W06000015,2022-11-06,9,104978,5,99630,4,5348
ltla,Cardiff,W06000015,2022-11-05,2,104969,2,99625,0,5344
ltla,Cardiff,W06000015,2022-11-04,7,104967,4,99623,3,5344
ltla,Cardiff,W06000015,2022-11-03,5,104960,51,99619,18,5341
ltla,Cardiff,W06000015,2022-11-02,9,104955,2,99615,7,5340
ltla,Cardiff,W06000015,2022-11-01,7,104946,5,99613,2,5333
ltla,Cardiff,W06000015,2022-10-31,11,104939,9,99608,2,5331
ltla,Cardiff,W06000015,2022-10-30,9,104928,7,99599,2,5329
ltla,Cardiff,W06000015,2022-10-29,2,104919,2,99592,0,5327
ltla,Cardiff,W06000015,2022-10-28,15,104917,10,99590,5,5327
ltla,Cardiff,W06000015,2022-10-27,9,104902,67,99580,5,5322
ltla,Cardiff,W06000015,2022-10-26,13,104893,11,99576,2,5317
ltla,Cardiff,W06000015,2022-10-25,12,104880,11,99565,1,5315
ltla,Cardiff,W06000015,2022-10-24,19,104868,15,99554,4,5314
ltla,Cardiff,W06000015,2022-10-23,8,104849,6,99539,2,5310
ltla,Cardiff,W06000015,2022-10-22,10,104841,8,99533,2,5308
ltla,Cardiff,W06000015,2022-10-21,6,104831,5,99525,1,5306
ltla,Cardiff,W06000015,2022-10-20,19,104825,99,99520,7,5305
ltla,Cardiff,W06000015,2022-10-19,15,104806,14,99508,1,5298
ltla,Cardiff,W06000015,2022-10-18,13,104791,8,99494,5,5297
ltla,Cardiff,W06000015,2022-10-17,16,104778,14,99486,2,5292
ltla,Cardiff,W06000015,2022-10-16,13,104762,8,99472,5,5290
ltla,Cardiff,W06000015,2022-10-15,14,104749,7,99464,7,5285
ltla,Cardiff,W06000015,2022-10-14,31,104735,23,99457,8,5278
ltla,Cardiff,W06000015,2022-10-13,21,104704,84,99434,30,5270
ltla,Cardiff,W06000015,2022-10-12,22,104683,16,99416,6,5267
ltla,Cardiff,W06000015,2022-10-11,18,104661,17,99400,1,5261
ltla,Cardiff,W06000015,2022-10-10,19,104643,11,99383,8,5260
ltla,Cardiff,W06000015,2022-10-09,7,104624,6,99372,1,5252
ltla,Cardiff,W06000015,2022-10-08,14,104617,13,99366,1,5251
ltla,Cardiff,W06000015,2022-10-07,17,104603,12,99353,5,5250
ltla,Cardiff,W06000015,2022-10-06,22,104586,97,99341,6,5245
ltla,Cardiff,W06000015,2022-10-05,15,104564,8,99325,7,5239
ltla,Cardiff,W06000015,2022-10-04,17,104549,11,99317,6,5232
ltla,Cardiff,W06000015,2022-10-03,24,104532,18,99306,6,5226
ltla,Cardiff,W06000015,2022-10-02,16,104508,8,99288,8,5220
ltla,Cardiff,W06000015,2022-10-01,9,104492,7,99280,2,5212
ltla,Cardiff,W06000015,2022-09-30,21,104483,19,99273,2,5210
ltla,Cardiff,W06000015,2022-09-29,16,104462,90,99254,28,5208
ltla,Cardiff,W06000015,2022-09-28,27,104446,20,99239,7,5207
ltla,Cardiff,W06000015,2022-09-27,23,104419,16,99219,7,5200
ltla,Cardiff,W06000015,2022-09-26,22,104396,19,99203,3,5193
ltla,Cardiff,W06000015,2022-09-25,13,104374,10,99184,3,5190
ltla,Cardiff,W06000015,2022-09-24,15,104361,9,99174,6,5187
ltla,Cardiff,W06000015,2022-09-23,17,104346,13,99165,4,5181
ltla,Cardiff,W06000015,2022-09-22,11,104329,9,99152,2,5177
ltla,Cardiff,W06000015,2022-09-21,18,104318,13,99143,5,5175
ltla,Cardiff,W06000015,2022-09-20,20,104300,15,99130,5,5170
ltla,Cardiff,W06000015,2022-09-19,11,104280,8,99115,3,5165
ltla,Cardiff,W06000015,2022-09-18,4,104269,4,99107,0,5162
ltla,Cardiff,W06000015,2022-09-17,5,104265,3,99103,2,5162
ltla,Cardiff,W06000015,2022-09-16,4,104260,3,99100,1,5160
ltla,Cardiff,W06000015,2022-09-15,8,104256,6,99097,6,5159
ltla,Cardiff,W06000015,2022-09-14,13,104248,11,99091,2,5157
ltla,Cardiff,W06000015,2022-09-13,8,104235,4,99080,4,5155
ltla,Cardiff,W06000015,2022-09-12,10,104227,8,99076,2,5151
ltla,Cardiff,W06000015,2022-09-11,3,104217,2,99068,1,5149
ltla,Cardiff,W06000015,2022-09-10,1,104214,1,99066,0,5148
ltla,Cardiff,W06000015,2022-09-09,3,104213,2,99065,1,5148
ltla,Cardiff,W06000015,2022-09-08,4,104210,4,99063,4,5147
ltla,Cardiff,W06000015,2022-09-07,4,104206,3,99059,1,5147
ltla,Cardiff,W06000015,2022-09-06,5,104202,3,99056,2,5146
ltla,Cardiff,W06000015,2022-09-05,6,104197,5,99053,1,5144
ltla,Cardiff,W06000015,2022-09-04,9,104191,7,99048,2,5143
ltla,Cardiff,W06000015,2022-09-03,4,104182,4,99041,0,5141
ltla,Cardiff,W06000015,2022-09-02,1,104178,1,99037,0,5141
ltla,Cardiff,W06000015,2022-09-01,3,104177,3,99036,8,5141
ltla,Cardiff,W06000015,2022-08-31,6,104174,6,99033,0,5141
ltla,Cardiff,W06000015,2022-08-30,5,104168,3,99027,2,5141
ltla,Cardiff,W06000015,2022-08-29,7,104163,6,99024,1,5139
ltla,Cardiff,W06000015,2022-08-28,2,104156,2,99018,0,5138
ltla,Cardiff,W06000015,2022-08-27,5,104154,5,99016,0,5138
ltla,Cardiff,W06000015,2022-08-26,3,104149,1,99011,2,5138
ltla,Cardiff,W06000015,2022-08-25,7,104146,4,99010,3,5136
ltla,Cardiff,W06000015,2022-08-24,4,104139,4,99006,0,5133
ltla,Cardiff,W06000015,2022-08-23,9,104135,6,99002,3,5133
ltla,Cardiff,W06000015,2022-08-22,3,104126,3,98996,0,5130
ltla,Cardiff,W06000015,2022-08-21,3,104123,2,98993,1,5130
ltla,Cardiff,W06000015,2022-08-20,5,104120,4,98991,1,5129
ltla,Cardiff,W06000015,2022-08-19,8,104115,6,98987,2,5128
ltla,Cardiff,W06000015,2022-08-18,3,104107,43,98981,11,5126
ltla,Cardiff,W06000015,2022-08-17,8,104104,6,98979,2,5125
ltla,Cardiff,W06000015,2022-08-16,12,104096,11,98973,1,5123
ltla,Cardiff,W06000015,2022-08-15,11,104084,9,98962,2,5122
ltla,Cardiff,W06000015,2022-08-14,6,104073,5,98953,1,5120
ltla,Cardiff,W06000015,2022-08-13,8,104067,4,98948,4,5119
ltla,Cardiff,W06000015,2022-08-12,4,104059,4,98944,0,5115
ltla,Cardiff,W06000015,2022-08-11,8,104055,6,98940,2,5115
ltla,Cardiff,W06000015,2022-08-10,5,104047,5,98934,0,5113
ltla,Cardiff,W06000015,2022-08-09,8,104042,7,98929,1,5113
ltla,Cardiff,W06000015,2022-08-08,12,104034,9,98922,3,5112
ltla,Cardiff,W06000015,2022-08-07,6,104022,5,98913,1,5109
ltla,Cardiff,W06000015,2022-08-06,10,104016,9,98908,1,5108
ltla,Cardiff,W06000015,2022-08-05,9,104006,5,98899,4,5107
ltla,Cardiff,W06000015,2022-08-04,7,103997,7,98894,22,5103
ltla,Cardiff,W06000015,2022-08-03,8,103990,3,98887,5,5103
ltla,Cardiff,W06000015,2022-08-02,14,103982,8,98884,6,5098
ltla,Cardiff,W06000015,2022-08-01,21,103968,16,98876,5,5092
ltla,Cardiff,W06000015,2022-07-31,7,103947,6,98860,1,5087
ltla,Cardiff,W06000015,2022-07-30,8,103940,4,98854,4,5086
ltla,Cardiff,W06000015,2022-07-29,14,103932,11,98850,3,5082
ltla,Cardiff,W06000015,2022-07-28,12,103918,8,98839,4,5079
ltla,Cardiff,W06000015,2022-07-27,14,103906,11,98831,3,5075
ltla,Cardiff,W06000015,2022-07-26,12,103892,5,98820,7,5072
ltla,Cardiff,W06000015,2022-07-25,22,103880,21,98815,1,5065
ltla,Cardiff,W06000015,2022-07-24,10,103858,9,98794,1,5064
ltla,Cardiff,W06000015,2022-07-23,6,103848,6,98785,0,5063
ltla,Cardiff,W06000015,2022-07-22,13,103842,9,98779,4,5063
ltla,Cardiff,W06000015,2022-07-21,12,103829,12,98770,25,5059
ltla,Cardiff,W06000015,2022-07-20,18,103817,12,98758,6,5059
ltla,Cardiff,W06000015,2022-07-19,20,103799,15,98746,5,5053
ltla,Cardiff,W06000015,2022-07-18,18,103779,14,98731,4,5048
ltla,Cardiff,W06000015,2022-07-17,13,103761,11,98717,2,5044
ltla,Cardiff,W06000015,2022-07-16,3,103748,2,98706,1,5042
ltla,Cardiff,W06000015,2022-07-15,19,103745,17,98704,2,5041
ltla,Cardiff,W06000015,2022-07-14,18,103726,16,98687,41,5039
ltla,Cardiff,W06000015,2022-07-13,29,103708,22,98671,7,5037
ltla,Cardiff,W06000015,2022-07-12,27,103679,19,98649,8,5030
ltla,Cardiff,W06000015,2022-07-11,38,103652,26,98630,12,5022
ltla,Cardiff,W06000015,2022-07-10,16,103614,15,98604,1,5010
ltla,Cardiff,W06000015,2022-07-09,18,103598,14,98589,4,5009
ltla,Cardiff,W06000015,2022-07-08,24,103580,21,98575,3,5005
ltla,Cardiff,W06000015,2022-07-07,38,103556,32,98554,6,5002
ltla,Cardiff,W06000015,2022-07-06,32,103518,24,98522,8,4996
ltla,Cardiff,W06000015,2022-07-05,41,103486,31,98498,10,4988
ltla,Cardiff,W06000015,2022-07-04,49,103445,38,98467,11,4978
ltla,Cardiff,W06000015,2022-07-03,15,103396,11,98429,4,4967
ltla,Cardiff,W06000015,2022-07-02,23,103381,19,98418,4,4963
ltla,Cardiff,W06000015,2022-07-01,29,103358,21,98399,8,4959
ltla,Cardiff,W06000015,2022-06-30,31,103329,26,98378,5,4951
ltla,Cardiff,W06000015,2022-06-29,44,103298,31,98352,13,4946
ltla,Cardiff,W06000015,2022-06-28,40,103254,31,98321,9,4933
ltla,Cardiff,W06000015,2022-06-27,34,103214,30,98290,4,4924
ltla,Cardiff,W06000015,2022-06-26,15,103180,13,98260,2,4920
ltla,Cardiff,W06000015,2022-06-25,17,103165,15,98247,2,4918
ltla,Cardiff,W06000015,2022-06-24,17,103148,13,98232,4,4916
ltla,Cardiff,W06000015,2022-06-23,23,103131,77,98219,20,4912
ltla,Cardiff,W06000015,2022-06-22,25,103108,23,98197,2,4911
ltla,Cardiff,W06000015,2022-06-21,17,103083,15,98174,2,4909
ltla,Cardiff,W06000015,2022-06-20,29,103066,21,98159,8,4907
ltla,Cardiff,W06000015,2022-06-19,6,103037,5,98138,1,4899
ltla,Cardiff,W06000015,2022-06-18,9,103031,9,98133,0,4898
ltla,Cardiff,W06000015,2022-06-17,11,103022,9,98124,2,4898
ltla,Cardiff,W06000015,2022-06-16,13,103011,59,98115,5,4896
ltla,Cardiff,W06000015,2022-06-15,13,102998,8,98104,5,4894
ltla,Cardiff,W06000015,2022-06-14,15,102985,14,98096,1,4889
ltla,Cardiff,W06000015,2022-06-13,11,102970,8,98082,3,4888
ltla,Cardiff,W06000015,2022-06-12,13,102959,13,98074,0,4885
ltla,Cardiff,W06000015,2022-06-11,5,102946,5,98061,0,4885
ltla,Cardiff,W06000015,2022-06-10,10,102941,10,98056,0,4885
ltla,Cardiff,W06000015,2022-06-09,3,102931,37,98046,9,4885
ltla,Cardiff,W06000015,2022-06-08,8,102928,6,98043,2,4885
ltla,Cardiff,W06000015,2022-06-07,11,102920,9,98037,2,4883
ltla,Cardiff,W06000015,2022-06-06,12,102909,4862,98028,2,4881
ltla,Cardiff,W06000015,2022-06-05,4,102897,2,98018,2,4879
ltla,Cardiff,W06000015,2022-06-04,3,102893,3,98016,0,4877
ltla,Cardiff,W06000015,2022-06-03,8,102890,6,98013,2,4877
ltla,Cardiff,W06000015,2022-06-02,3,102882,3,98007,0,4875
ltla,Cardiff,W06000015,2022-06-01,7,102879,7,98004,0,4875
ltla,Cardiff,W06000015,2022-05-31,6,102872,3,97997,3,4875
ltla,Cardiff,W06000015,2022-05-30,5,102866,5,97994,0,4872
ltla,Cardiff,W06000015,2022-05-29,4,102861,3,97989,1,4872
ltla,Cardiff,W06000015,2022-05-28,1,102857,1,97986,0,4871
ltla,Cardiff,W06000015,2022-05-27,3,102856,2,97985,1,4871
ltla,Cardiff,W06000015,2022-05-26,7,102853,7,97983,0,9702
ltla,Cardiff,W06000015,2022-05-25,8,102846,7,97976,1,4870
ltla,Cardiff,W06000015,2022-05-24,9,102838,8,97969,1,4869
ltla,Cardiff,W06000015,2022-05-23,3,102829,0,97961,3,4868
ltla,Cardiff,W06000015,2022-05-22,5,102826,5,97961,0,4865
ltla,Cardiff,W06000015,2022-05-21,4,102821,3,97956,1,4865
ltla,Cardiff,W06000015,2022-05-20,2,102817,2,97953,0,4864
ltla,Cardiff,W06000015,2022-05-19,9,102815,6,97951,3,4864
ltla,Cardiff,W06000015,2022-05-18,6,102806,4,97945,2,4861
ltla,Cardiff,W06000015,2022-05-17,14,102800,11,97941,3,4859
ltla,Cardiff,W06000015,2022-05-16,6,102786,5,97930,1,4856
ltla,Cardiff,W06000015,2022-05-15,8,102780,8,97925,0,4855
ltla,Cardiff,W06000015,2022-05-14,7,102772,3,97917,4,4855
ltla,Cardiff,W06000015,2022-05-13,12,102765,12,97914,0,4851
ltla,Cardiff,W06000015,2022-05-12,6,102753,6,97902,0,4851
ltla,Cardiff,W06000015,2022-05-11,14,102747,12,97896,2,4851
ltla,Cardiff,W06000015,2022-05-10,10,102733,7,97884,3,4849
ltla,Cardiff,W06000015,2022-05-09,17,102723,14,97877,3,4846
ltla,Cardiff,W06000015,2022-05-08,6,102706,5,97863,1,4843
ltla,Cardiff,W06000015,2022-05-07,6,102700,4,97858,2,4842
ltla,Cardiff,W06000015,2022-05-06,15,102694,12,97854,3,4840
ltla,Cardiff,W06000015,2022-05-05,11,102679,11,97842,0,4837
ltla,Cardiff,W06000015,2022-05-04,13,102668,12,97831,1,4837
ltla,Cardiff,W06000015,2022-05-03,21,102655,19,97819,2,4836
ltla,Cardiff,W06000015,2022-05-02,11,102634,9,97800,2,4834
ltla,Cardiff,W06000015,2022-05-01,12,102623,9,97791,3,4832
ltla,Cardiff,W06000015,2022-04-30,11,102611,9,97782,2,4829
ltla,Cardiff,W06000015,2022-04-29,16,102600,11,97773,5,4827
ltla,Cardiff,W06000015,2022-04-28,14,102584,12,97762,2,4822
ltla,Cardiff,W06000015,2022-04-27,18,102570,15,97750,3,4820
ltla,Cardiff,W06000015,2022-04-26,21,102552,18,97735,3,4817
ltla,Cardiff,W06000015,2022-04-25,22,102531,19,97717,3,4814
ltla,Cardiff,W06000015,2022-04-24,16,102509,14,97698,2,4811
ltla,Cardiff,W06000015,2022-04-23,17,102493,15,97684,2,4809
ltla,Cardiff,W06000015,2022-04-22,19,102476,17,97669,2,4807
ltla,Cardiff,W06000015,2022-04-21,14,102457,12,97652,2,4805
ltla,Cardiff,W06000015,2022-04-20,26,102443,22,97640,4,4803
ltla,Cardiff,W06000015,2022-04-19,28,102417,23,97618,5,4799
ltla,Cardiff,W06000015,2022-04-18,23,102389,20,97595,3,4794
ltla,Cardiff,W06000015,2022-04-17,13,102366,12,97575,1,4791
ltla,Cardiff,W06000015,2022-04-16,14,102353,12,97563,2,4790
ltla,Cardiff,W06000015,2022-04-15,17,102339,14,97551,3,4788
ltla,Cardiff,W06000015,2022-04-14,30,102322,28,97537,2,4785
ltla,Cardiff,W06000015,2022-04-13,32,102292,30,97509,2,4783
ltla,Cardiff,W06000015,2022-04-12,33,102260,29,97479,4,4781
ltla,Cardiff,W06000015,2022-04-11,39,102227,27,97450,12,4777
ltla,Cardiff,W06000015,2022-04-10,23,102188,22,97423,1,4765
ltla,Cardiff,W06000015,2022-04-09,22,102165,19,97401,3,4764
ltla,Cardiff,W06000015,2022-04-08,28,102143,24,97382,4,4761
ltla,Cardiff,W06000015,2022-04-07,31,102115,27,97358,4,4757
ltla,Cardiff,W06000015,2022-04-06,46,102084,38,97331,8,4753
ltla,Cardiff,W06000015,2022-04-05,38,102038,36,97293,2,4745
ltla,Cardiff,W06000015,2022-04-04,57,102000,52,97257,5,4743
ltla,Cardiff,W06000015,2022-04-03,29,101943,24,97205,5,4738
ltla,Cardiff,W06000015,2022-04-02,36,101914,32,97181,4,4733
ltla,Cardiff,W06000015,2022-04-01,56,101878,46,97149,10,4729
ltla,Cardiff,W06000015,2022-03-31,127,101822,108,97103,19,4719
ltla,Cardiff,W06000015,2022-03-30,139,101695,117,96995,22,4700
ltla,Cardiff,W06000015,2022-03-29,147,101556,123,96878,24,4678
ltla,Cardiff,W06000015,2022-03-28,236,101409,201,96755,35,4654
ltla,Cardiff,W06000015,2022-03-27,158,101173,139,96554,19,4619
ltla,Cardiff,W06000015,2022-03-26,157,101015,141,96415,16,4600
ltla,Cardiff,W06000015,2022-03-25,249,100858,217,96274,32,4584
ltla,Cardiff,W06000015,2022-03-24,270,100609,230,96057,40,4552
ltla,Cardiff,W06000015,2022-03-23,313,100339,280,95827,33,4512
ltla,Cardiff,W06000015,2022-03-22,307,100026,250,95547,57,4479
ltla,Cardiff,W06000015,2022-03-21,300,99719,250,95297,50,4422
ltla,Cardiff,W06000015,2022-03-20,172,99419,151,95047,21,4372
ltla,Cardiff,W06000015,2022-03-19,162,99247,146,94896,16,4351
ltla,Cardiff,W06000015,2022-03-18,225,99085,198,94750,27,4335
ltla,Cardiff,W06000015,2022-03-17,266,98860,229,94552,37,4308
ltla,Cardiff,W06000015,2022-03-16,272,98594,229,94323,43,4271
ltla,Cardiff,W06000015,2022-03-15,265,98322,224,94094,41,4228
ltla,Cardiff,W06000015,2022-03-14,298,98057,254,93870,44,4187
ltla,Cardiff,W06000015,2022-03-13,163,97759,148,93616,15,4143
ltla,Cardiff,W06000015,2022-03-12,122,97596,109,93468,13,4128
ltla,Cardiff,W06000015,2022-03-11,159,97474,139,93359,20,4115
ltla,Cardiff,W06000015,2022-03-10,197,97315,172,93220,25,4095
ltla,Cardiff,W06000015,2022-03-09,191,97118,166,93048,25,4070
ltla,Cardiff,W06000015,2022-03-08,201,96927,180,92882,21,4045
ltla,Cardiff,W06000015,2022-03-07,147,96726,133,92702,14,4024
ltla,Cardiff,W06000015,2022-03-06,105,96579,94,92569,11,4010
ltla,Cardiff,W06000015,2022-03-05,95,96474,87,92475,8,3999
ltla,Cardiff,W06000015,2022-03-04,114,96379,98,92388,16,3991
ltla,Cardiff,W06000015,2022-03-03,134,96265,119,92290,15,3975
ltla,Cardiff,W06000015,2022-03-02,149,96131,132,92171,17,3960
ltla,Cardiff,W06000015,2022-03-01,100,95982,92,92039,8,3943
ltla,Cardiff,W06000015,2022-02-28,108,95882,102,91947,6,3935
ltla,Cardiff,W06000015,2022-02-27,82,95774,70,91845,12,3929
ltla,Cardiff,W06000015,2022-02-26,67,95692,58,91775,9,3917
ltla,Cardiff,W06000015,2022-02-25,84,95625,71,91717,13,3908
ltla,Cardiff,W06000015,2022-02-24,92,95541,84,91646,8,3895
ltla,Cardiff,W06000015,2022-02-23,99,95449,86,91562,13,3887
ltla,Cardiff,W06000015,2022-02-22,126,95350,103,91476,23,3874
ltla,Cardiff,W06000015,2022-02-21,179,95224,161,91373,18,3851
ltla,Cardiff,W06000015,2022-02-20,82,95045,68,91212,14,3833
ltla,Cardiff,W06000015,2022-02-19,128,94963,113,91144,15,3819
ltla,Cardiff,W06000015,2022-02-18,25,94835,23,91031,2,3804
ltla,Cardiff,W06000015,2022-02-17,152,94810,136,91008,16,3802
ltla,Cardiff,W06000015,2022-02-16,198,94658,168,90872,30,3786
ltla,Cardiff,W06000015,2022-02-15,185,94460,164,90704,21,3756
ltla,Cardiff,W06000015,2022-02-14,183,94275,162,90540,21,3735
ltla,Cardiff,W06000015,2022-02-13,138,94092,120,90378,18,3714
ltla,Cardiff,W06000015,2022-02-12,107,93954,95,90258,12,3696
ltla,Cardiff,W06000015,2022-02-11,157,93847,140,90163,17,3684
ltla,Cardiff,W06000015,2022-02-10,239,93690,217,90023,22,3667
ltla,Cardiff,W06000015,2022-02-09,223,93451,197,89806,26,3645
ltla,Cardiff,W06000015,2022-02-08,239,93228,211,89609,28,3619
ltla,Cardiff,W06000015,2022-02-07,240,92989,216,89398,24,3591
ltla,Cardiff,W06000015,2022-02-06,152,92749,127,89182,25,3567
ltla,Cardiff,W06000015,2022-02-05,121,92597,109,89055,12,3542
ltla,Cardiff,W06000015,2022-02-04,221,92476,194,88946,27,3530
ltla,Cardiff,W06000015,2022-02-03,249,92255,215,88752,34,3503
ltla,Cardiff,W06000015,2022-02-02,308,92006,271,88537,37,3469
ltla,Cardiff,W06000015,2022-02-01,346,91698,295,88266,51,3432
ltla,Cardiff,W06000015,2022-01-31,361,91352,306,87971,55,3381
ltla,Cardiff,W06000015,2022-01-30,204,90991,182,87665,22,3326
ltla,Cardiff,W06000015,2022-01-29,197,90787,177,87483,20,3304
ltla,Cardiff,W06000015,2022-01-28,281,90590,242,87306,39,3284
ltla,Cardiff,W06000015,2022-01-27,308,90309,273,87064,35,3245
ltla,Cardiff,W06000015,2022-01-26,415,90001,351,86791,64,3210
ltla,Cardiff,W06000015,2022-01-25,377,89586,329,86440,48,3146
ltla,Cardiff,W06000015,2022-01-24,439,89209,385,86111,54,3098
ltla,Cardiff,W06000015,2022-01-23,281,88770,245,85726,36,3044
ltla,Cardiff,W06000015,2022-01-22,269,88489,241,85481,28,3008
ltla,Cardiff,W06000015,2022-01-21,307,88220,277,85240,30,2980
ltla,Cardiff,W06000015,2022-01-20,359,87913,302,84963,57,2950
ltla,Cardiff,W06000015,2022-01-19,311,87554,278,84661,33,2893
ltla,Cardiff,W06000015,2022-01-18,343,87243,301,84383,42,2860
ltla,Cardiff,W06000015,2022-01-17,348,86900,300,84082,48,2818
ltla,Cardiff,W06000015,2022-01-16,259,86552,229,83782,30,2770
ltla,Cardiff,W06000015,2022-01-15,199,86293,173,83553,26,2740
ltla,Cardiff,W06000015,2022-01-14,274,86094,247,83380,27,2714
ltla,Cardiff,W06000015,2022-01-13,242,85820,209,83133,33,2687
ltla,Cardiff,W06000015,2022-01-12,320,85578,281,82924,39,2654
ltla,Cardiff,W06000015,2022-01-11,326,85258,286,82643,40,2615
ltla,Cardiff,W06000015,2022-01-10,392,84932,357,82357,35,2575
ltla,Cardiff,W06000015,2022-01-09,272,84540,245,82000,27,2540
ltla,Cardiff,W06000015,2022-01-08,273,84268,243,81755,30,2513
ltla,Cardiff,W06000015,2022-01-07,385,83995,347,81512,38,2483
ltla,Cardiff,W06000015,2022-01-06,499,83610,439,81165,60,2445
ltla,Cardiff,W06000015,2022-01-05,908,83111,808,80726,100,2385
ltla,Cardiff,W06000015,2022-01-04,1260,82203,1145,79918,115,2285
ltla,Cardiff,W06000015,2022-01-03,858,80943,784,78773,74,2170
ltla,Cardiff,W06000015,2022-01-02,887,80085,805,77989,82,2096
ltla,Cardiff,W06000015,2022-01-01,529,79198,486,77184,43,2014
ltla,Cardiff,W06000015,2021-12-31,884,78669,797,76698,87,1971
ltla,Cardiff,W06000015,2021-12-30,1327,77785,1210,75901,117,1884
ltla,Cardiff,W06000015,2021-12-29,1471,76458,1360,74691,111,1767
ltla,Cardiff,W06000015,2021-12-28,1373,74987,1257,73331,116,1656
ltla,Cardiff,W06000015,2021-12-27,1427,73614,1300,72074,127,1540
ltla,Cardiff,W06000015,2021-12-26,659,72187,608,70774,51,1413
ltla,Cardiff,W06000015,2021-12-25,335,71528,304,70166,31,1362
ltla,Cardiff,W06000015,2021-12-24,777,71193,714,69862,63,1331
ltla,Cardiff,W06000015,2021-12-23,945,70416,872,69148,73,1268
ltla,Cardiff,W06000015,2021-12-22,887,69471,819,68276,68,1195
ltla,Cardiff,W06000015,2021-12-21,841,68584,792,67457,49,1127
ltla,Cardiff,W06000015,2021-12-20,724,67743,679,66665,45,1078
ltla,Cardiff,W06000015,2021-12-19,501,67019,475,65986,26,1033
ltla,Cardiff,W06000015,2021-12-18,481,66518,459,65511,22,1007
ltla,Cardiff,W06000015,2021-12-17,533,66037,495,65052,38,985
ltla,Cardiff,W06000015,2021-12-16,544,65504,517,64557,27,947
ltla,Cardiff,W06000015,2021-12-15,518,64960,488,64040,30,920
ltla,Cardiff,W06000015,2021-12-14,436,64442,417,63552,19,890
ltla,Cardiff,W06000015,2021-12-13,322,64006,303,63135,19,871
ltla,Cardiff,W06000015,2021-12-12,196,63684,189,62832,7,852
ltla,Cardiff,W06000015,2021-12-11,204,63488,204,62643,0,845
ltla,Cardiff,W06000015,2021-12-10,255,63284,248,62439,7,845
ltla,Cardiff,W06000015,2021-12-09,292,63029,289,62191,3,838
ltla,Cardiff,W06000015,2021-12-08,286,62737,280,61902,6,835
ltla,Cardiff,W06000015,2021-12-07,238,62451,229,61622,9,829
ltla,Cardiff,W06000015,2021-12-06,280,62213,277,61393,3,820
ltla,Cardiff,W06000015,2021-12-05,207,61933,200,61116,7,817
ltla,Cardiff,W06000015,2021-12-04,183,61726,179,60916,4,810
ltla,Cardiff,W06000015,2021-12-03,225,61543,222,60737,3,806
ltla,Cardiff,W06000015,2021-12-02,263,61318,258,60515,5,803
ltla,Cardiff,W06000015,2021-12-01,288,61055,283,60257,5,798
ltla,Cardiff,W06000015,2021-11-30,278,60767,272,59974,6,793
ltla,Cardiff,W06000015,2021-11-29,291,60489,278,59702,13,787
ltla,Cardiff,W06000015,2021-11-28,215,60198,210,59424,5,774
ltla,Cardiff,W06000015,2021-11-27,231,59983,225,59214,6,769
ltla,Cardiff,W06000015,2021-11-26,244,59752,238,58989,6,763
ltla,Cardiff,W06000015,2021-11-25,246,59508,245,58751,1,757
ltla,Cardiff,W06000015,2021-11-24,247,59262,238,58506,9,756
ltla,Cardiff,W06000015,2021-11-23,271,59015,267,58268,4,747
ltla,Cardiff,W06000015,2021-11-22,304,58744,294,58001,10,743
ltla,Cardiff,W06000015,2021-11-21,205,58440,203,57707,2,733
ltla,Cardiff,W06000015,2021-11-20,236,58235,231,57504,5,731
ltla,Cardiff,W06000015,2021-11-19,255,57999,253,57273,2,726
ltla,Cardiff,W06000015,2021-11-18,248,57744,239,57020,9,724
ltla,Cardiff,W06000015,2021-11-17,299,57496,290,56781,9,715
ltla,Cardiff,W06000015,2021-11-16,298,57197,291,56491,7,706
ltla,Cardiff,W06000015,2021-11-15,309,56899,302,56200,7,699
ltla,Cardiff,W06000015,2021-11-14,240,56590,239,55898,1,692
ltla,Cardiff,W06000015,2021-11-13,187,56350,187,55659,0,691
ltla,Cardiff,W06000015,2021-11-12,273,56163,269,55472,4,691
ltla,Cardiff,W06000015,2021-11-11,348,55890,340,55203,8,687
ltla,Cardiff,W06000015,2021-11-10,387,55542,381,54863,6,679
ltla,Cardiff,W06000015,2021-11-09,302,55155,295,54482,7,673
ltla,Cardiff,W06000015,2021-11-08,347,54853,345,54187,2,666
ltla,Cardiff,W06000015,2021-11-07,242,54506,238,53842,4,664
ltla,Cardiff,W06000015,2021-11-06,166,54264,165,53604,1,660
ltla,Cardiff,W06000015,2021-11-05,267,54098,260,53439,7,659
ltla,Cardiff,W06000015,2021-11-04,316,53831,311,53179,5,652
ltla,Cardiff,W06000015,2021-11-03,298,53515,293,52868,5,647
ltla,Cardiff,W06000015,2021-11-02,307,53217,303,52575,4,642
ltla,Cardiff,W06000015,2021-11-01,379,52910,372,52272,7,638
ltla,Cardiff,W06000015,2021-10-31,279,52531,274,51900,5,631
ltla,Cardiff,W06000015,2021-10-30,291,52252,284,51626,7,626
ltla,Cardiff,W06000015,2021-10-29,312,51961,308,51342,4,619
ltla,Cardiff,W06000015,2021-10-28,326,51649,321,51034,5,615
ltla,Cardiff,W06000015,2021-10-27,338,51323,335,50713,3,610
ltla,Cardiff,W06000015,2021-10-26,324,50985,322,50378,2,607
ltla,Cardiff,W06000015,2021-10-25,396,50661,389,50056,7,605
ltla,Cardiff,W06000015,2021-10-24,295,50265,293,49667,2,598
ltla,Cardiff,W06000015,2021-10-23,220,49970,214,49374,6,596
ltla,Cardiff,W06000015,2021-10-22,331,49750,329,49160,2,590
ltla,Cardiff,W06000015,2021-10-21,359,49419,355,48831,4,588
ltla,Cardiff,W06000015,2021-10-20,458,49060,448,48476,10,584
ltla,Cardiff,W06000015,2021-10-19,460,48602,457,48028,3,574
ltla,Cardiff,W06000015,2021-10-18,483,48142,475,47571,8,571
ltla,Cardiff,W06000015,2021-10-17,384,47659,377,47096,7,563
ltla,Cardiff,W06000015,2021-10-16,349,47275,346,46719,3,556
ltla,Cardiff,W06000015,2021-10-15,409,46926,404,46373,5,553
ltla,Cardiff,W06000015,2021-10-14,416,46517,410,45969,6,548
ltla,Cardiff,W06000015,2021-10-13,475,46101,463,45559,12,542
ltla,Cardiff,W06000015,2021-10-12,493,45626,488,45096,5,530
ltla,Cardiff,W06000015,2021-10-11,515,45133,506,44608,9,525
ltla,Cardiff,W06000015,2021-10-10,288,44618,284,44102,4,516
ltla,Cardiff,W06000015,2021-10-09,333,44330,327,43818,6,512
ltla,Cardiff,W06000015,2021-10-08,345,43997,341,43491,4,506
ltla,Cardiff,W06000015,2021-10-07,390,43652,383,43150,7,502
ltla,Cardiff,W06000015,2021-10-06,379,43262,375,42767,4,495
ltla,Cardiff,W06000015,2021-10-05,432,42883,427,42392,5,491
ltla,Cardiff,W06000015,2021-10-04,428,42451,424,41965,4,486
ltla,Cardiff,W06000015,2021-10-03,263,42023,260,41541,3,482
ltla,Cardiff,W06000015,2021-10-02,156,41760,156,41281,0,479
ltla,Cardiff,W06000015,2021-10-01,296,41604,292,41125,4,479
ltla,Cardiff,W06000015,2021-09-30,305,41308,299,40833,6,475
ltla,Cardiff,W06000015,2021-09-29,366,41003,359,40534,7,469
ltla,Cardiff,W06000015,2021-09-28,324,40637,318,40175,6,462
ltla,Cardiff,W06000015,2021-09-27,304,40313,301,39857,3,456
ltla,Cardiff,W06000015,2021-09-26,244,40009,239,39556,5,453
ltla,Cardiff,W06000015,2021-09-25,212,39765,210,39317,2,448
ltla,Cardiff,W06000015,2021-09-24,272,39553,271,39107,1,446
ltla,Cardiff,W06000015,2021-09-23,353,39281,345,38836,8,445
ltla,Cardiff,W06000015,2021-09-22,333,38928,326,38491,7,437
ltla,Cardiff,W06000015,2021-09-21,334,38595,327,38165,7,430
ltla,Cardiff,W06000015,2021-09-20,336,38261,329,37838,7,423
ltla,Cardiff,W06000015,2021-09-19,283,37925,281,37509,2,416
ltla,Cardiff,W06000015,2021-09-18,176,37642,174,37228,2,414
ltla,Cardiff,W06000015,2021-09-17,270,37466,267,37054,3,412
ltla,Cardiff,W06000015,2021-09-16,216,37196,213,36787,3,409
ltla,Cardiff,W06000015,2021-09-15,249,36980,246,36574,3,406
ltla,Cardiff,W06000015,2021-09-14,269,36731,268,36328,1,403
ltla,Cardiff,W06000015,2021-09-13,251,36462,247,36060,4,402
ltla,Cardiff,W06000015,2021-09-12,168,36211,166,35813,2,398
ltla,Cardiff,W06000015,2021-09-11,199,36043,191,35647,8,396
ltla,Cardiff,W06000015,2021-09-10,191,35844,189,35456,2,388
ltla,Cardiff,W06000015,2021-09-09,191,35653,187,35267,4,386
ltla,Cardiff,W06000015,2021-09-08,211,35462,209,35080,2,382
ltla,Cardiff,W06000015,2021-09-07,180,35251,177,34871,3,380
ltla,Cardiff,W06000015,2021-09-06,228,35071,224,34694,4,377
ltla,Cardiff,W06000015,2021-09-05,199,34843,196,34470,3,373
ltla,Cardiff,W06000015,2021-09-04,195,34644,188,34274,7,370
ltla,Cardiff,W06000015,2021-09-03,261,34449,259,34086,2,363
ltla,Cardiff,W06000015,2021-09-02,249,34188,245,33827,4,361
ltla,Cardiff,W06000015,2021-09-01,302,33939,299,33582,3,357
ltla,Cardiff,W06000015,2021-08-31,291,33637,286,33283,5,354
ltla,Cardiff,W06000015,2021-08-30,137,33346,135,32997,2,349
ltla,Cardiff,W06000015,2021-08-29,155,33209,150,32862,5,347
ltla,Cardiff,W06000015,2021-08-28,122,33054,121,32712,1,342
ltla,Cardiff,W06000015,2021-08-27,181,32932,181,32591,0,341
ltla,Cardiff,W06000015,2021-08-26,171,32751,169,32410,2,341
ltla,Cardiff,W06000015,2021-08-25,191,32580,190,32241,1,339
ltla,Cardiff,W06000015,2021-08-24,192,32389,189,32051,3,338
ltla,Cardiff,W06000015,2021-08-23,172,32197,170,31862,2,335
ltla,Cardiff,W06000015,2021-08-22,134,32025,131,31692,3,333
ltla,Cardiff,W06000015,2021-08-21,122,31891,121,31561,1,330
ltla,Cardiff,W06000015,2021-08-20,132,31769,131,31440,1,329
ltla,Cardiff,W06000015,2021-08-19,168,31637,163,31309,5,328
ltla,Cardiff,W06000015,2021-08-18,125,31469,123,31146,2,323
ltla,Cardiff,W06000015,2021-08-17,163,31344,161,31023,2,321
ltla,Cardiff,W06000015,2021-08-16,133,31181,129,30862,4,319
ltla,Cardiff,W06000015,2021-08-15,111,31048,110,30733,1,315
ltla,Cardiff,W06000015,2021-08-14,99,30937,98,30623,1,314
ltla,Cardiff,W06000015,2021-08-13,78,30838,76,30525,2,313
ltla,Cardiff,W06000015,2021-08-12,126,30760,124,30449,2,311
ltla,Cardiff,W06000015,2021-08-11,95,30634,91,30325,4,309
ltla,Cardiff,W06000015,2021-08-10,58,30539,58,30234,0,305
ltla,Cardiff,W06000015,2021-08-09,82,30481,79,30176,3,305
ltla,Cardiff,W06000015,2021-08-08,67,30399,67,30097,0,302
ltla,Cardiff,W06000015,2021-08-07,56,30332,56,30030,0,302
ltla,Cardiff,W06000015,2021-08-06,68,30276,67,29974,1,302
ltla,Cardiff,W06000015,2021-08-05,78,30208,77,29907,1,301
ltla,Cardiff,W06000015,2021-08-04,65,30130,65,29830,0,300
ltla,Cardiff,W06000015,2021-08-03,79,30065,77,29765,2,300
ltla,Cardiff,W06000015,2021-08-02,59,29986,58,29688,1,298
ltla,Cardiff,W06000015,2021-08-01,55,29927,55,29630,0,297
ltla,Cardiff,W06000015,2021-07-31,28,29872,28,29575,0,297
ltla,Cardiff,W06000015,2021-07-30,63,29844,62,29547,1,297
ltla,Cardiff,W06000015,2021-07-29,79,29781,77,29485,2,296
ltla,Cardiff,W06000015,2021-07-28,78,29702,78,29408,0,294
ltla,Cardiff,W06000015,2021-07-27,74,29624,73,29330,1,294
ltla,Cardiff,W06000015,2021-07-26,65,29550,64,29257,1,293
ltla,Cardiff,W06000015,2021-07-25,51,29485,51,29193,0,292
ltla,Cardiff,W06000015,2021-07-24,51,29434,51,29142,0,292
ltla,Cardiff,W06000015,2021-07-23,77,29383,76,29091,1,292
ltla,Cardiff,W06000015,2021-07-22,97,29306,95,29015,2,291
ltla,Cardiff,W06000015,2021-07-21,69,29209,69,28920,0,289
ltla,Cardiff,W06000015,2021-07-20,91,29140,91,28851,0,289
ltla,Cardiff,W06000015,2021-07-19,82,29049,81,28760,1,289
ltla,Cardiff,W06000015,2021-07-18,54,28967,52,28679,2,288
ltla,Cardiff,W06000015,2021-07-17,73,28913,72,28627,1,286
ltla,Cardiff,W06000015,2021-07-16,99,28840,99,28555,0,285
ltla,Cardiff,W06000015,2021-07-15,109,28741,109,28456,0,285
ltla,Cardiff,W06000015,2021-07-14,112,28632,110,28347,2,285
ltla,Cardiff,W06000015,2021-07-13,111,28520,111,28237,0,283
ltla,Cardiff,W06000015,2021-07-12,107,28409,105,28126,2,283
ltla,Cardiff,W06000015,2021-07-11,100,28302,98,28021,2,281
ltla,Cardiff,W06000015,2021-07-10,68,28202,68,27923,0,279
ltla,Cardiff,W06000015,2021-07-09,100,28134,98,27855,2,279
ltla,Cardiff,W06000015,2021-07-08,95,28034,95,27757,0,277
ltla,Cardiff,W06000015,2021-07-07,89,27939,86,27662,3,277
ltla,Cardiff,W06000015,2021-07-06,110,27850,108,27576,2,274
ltla,Cardiff,W06000015,2021-07-05,100,27740,99,27468,1,272
ltla,Cardiff,W06000015,2021-07-04,73,27640,73,27369,0,271
ltla,Cardiff,W06000015,2021-07-03,72,27567,71,27296,1,271
ltla,Cardiff,W06000015,2021-07-02,63,27495,60,27225,3,270
ltla,Cardiff,W06000015,2021-07-01,94,27432,87,27165,7,267
ltla,Cardiff,W06000015,2021-06-30,99,27338,97,27078,2,260
ltla,Cardiff,W06000015,2021-06-29,79,27239,76,26981,3,258
ltla,Cardiff,W06000015,2021-06-28,106,27160,103,26905,3,255
ltla,Cardiff,W06000015,2021-06-27,51,27054,48,26802,3,252
ltla,Cardiff,W06000015,2021-06-26,21,27003,20,26754,1,249
ltla,Cardiff,W06000015,2021-06-25,64,26982,64,26734,0,248
ltla,Cardiff,W06000015,2021-06-24,72,26918,71,26670,1,248
ltla,Cardiff,W06000015,2021-06-23,72,26846,72,26599,0,247
ltla,Cardiff,W06000015,2021-06-22,57,26774,54,26527,3,247
ltla,Cardiff,W06000015,2021-06-21,31,26717,31,26473,0,244
ltla,Cardiff,W06000015,2021-06-20,20,26686,20,26442,0,244
ltla,Cardiff,W06000015,2021-06-19,28,26666,28,26422,0,244
ltla,Cardiff,W06000015,2021-06-18,15,26638,14,26394,1,244
ltla,Cardiff,W06000015,2021-06-17,19,26623,19,26380,0,243
ltla,Cardiff,W06000015,2021-06-16,36,26604,35,26361,1,243
ltla,Cardiff,W06000015,2021-06-15,30,26568,29,26326,1,242
ltla,Cardiff,W06000015,2021-06-14,20,26538,20,26297,0,241
ltla,Cardiff,W06000015,2021-06-13,10,26518,9,26277,1,241
ltla,Cardiff,W06000015,2021-06-12,10,26508,10,26268,0,240
ltla,Cardiff,W06000015,2021-06-11,9,26498,8,26258,1,240
ltla,Cardiff,W06000015,2021-06-10,9,26489,7,26250,2,239
ltla,Cardiff,W06000015,2021-06-09,17,26480,17,26243,0,237
ltla,Cardiff,W06000015,2021-06-08,8,26463,8,26226,0,237
ltla,Cardiff,W06000015,2021-06-07,9,26455,9,26218,0,237
ltla,Cardiff,W06000015,2021-06-06,7,26446,6,26209,1,237
ltla,Cardiff,W06000015,2021-06-05,9,26439,7,26203,2,236
ltla,Cardiff,W06000015,2021-06-04,9,26430,8,26196,1,234
ltla,Cardiff,W06000015,2021-06-03,7,26421,7,26188,0,233
ltla,Cardiff,W06000015,2021-06-02,7,26414,7,26181,0,233
ltla,Cardiff,W06000015,2021-06-01,4,26407,4,26174,0,233
ltla,Cardiff,W06000015,2021-05-31,8,26403,8,26170,0,233
ltla,Cardiff,W06000015,2021-05-30,5,26395,5,26162,0,233
ltla,Cardiff,W06000015,2021-05-29,3,26390,3,26157,0,233
ltla,Cardiff,W06000015,2021-05-28,9,26387,9,26154,0,233
ltla,Cardiff,W06000015,2021-05-27,6,26378,6,26145,0,233
ltla,Cardiff,W06000015,2021-05-26,6,26372,5,26139,1,233
ltla,Cardiff,W06000015,2021-05-25,5,26366,5,26134,0,232
ltla,Cardiff,W06000015,2021-05-24,4,26361,4,26129,0,232
ltla,Cardiff,W06000015,2021-05-23,1,26357,1,26125,0,232
ltla,Cardiff,W06000015,2021-05-22,3,26356,3,26124,0,232
ltla,Cardiff,W06000015,2021-05-21,8,26353,8,26121,0,232
ltla,Cardiff,W06000015,2021-05-20,6,26345,5,26113,1,232
ltla,Cardiff,W06000015,2021-05-19,7,26339,7,26108,0,231
ltla,Cardiff,W06000015,2021-05-18,3,26332,2,26101,1,231
ltla,Cardiff,W06000015,2021-05-17,5,26329,5,26099,0,230
ltla,Cardiff,W06000015,2021-05-16,6,26324,4,26094,2,230
ltla,Cardiff,W06000015,2021-05-15,4,26318,4,26090,0,228
ltla,Cardiff,W06000015,2021-05-14,5,26314,5,26086,0,228
ltla,Cardiff,W06000015,2021-05-13,5,26309,4,26081,1,228
ltla,Cardiff,W06000015,2021-05-12,15,26304,14,26077,1,227
ltla,Cardiff,W06000015,2021-05-11,25,26289,24,26063,1,226
ltla,Cardiff,W06000015,2021-05-10,7,26264,7,26039,0,225
ltla,Cardiff,W06000015,2021-05-09,5,26257,4,26032,1,225
ltla,Cardiff,W06000015,2021-05-08,5,26252,5,26028,0,224
ltla,Cardiff,W06000015,2021-05-07,8,26247,7,26023,1,224
ltla,Cardiff,W06000015,2021-05-06,19,26239,18,26016,1,223
ltla,Cardiff,W06000015,2021-05-05,9,26220,9,25998,0,222
ltla,Cardiff,W06000015,2021-05-04,10,26211,9,25989,1,222
ltla,Cardiff,W06000015,2021-05-03,2,26201,2,25980,0,221
ltla,Cardiff,W06000015,2021-05-02,5,26199,5,25978,0,221
ltla,Cardiff,W06000015,2021-05-01,3,26194,3,25973,0,221
ltla,Cardiff,W06000015,2021-04-30,8,26191,8,25970,0,221
ltla,Cardiff,W06000015,2021-04-29,9,26183,9,25962,0,221
ltla,Cardiff,W06000015,2021-04-28,7,26174,7,25953,0,221
ltla,Cardiff,W06000015,2021-04-27,4,26167,4,25946,0,221
ltla,Cardiff,W06000015,2021-04-26,12,26163,11,25942,1,221
ltla,Cardiff,W06000015,2021-04-25,4,26151,3,25931,1,220
ltla,Cardiff,W06000015,2021-04-24,6,26147,5,25928,1,219
ltla,Cardiff,W06000015,2021-04-23,1,26141,1,25923,0,218
ltla,Cardiff,W06000015,2021-04-22,10,26140,10,25922,0,218
ltla,Cardiff,W06000015,2021-04-21,6,26130,6,25912,0,218
ltla,Cardiff,W06000015,2021-04-20,4,26124,4,25906,0,218
ltla,Cardiff,W06000015,2021-04-19,9,26120,9,25902,0,218
ltla,Cardiff,W06000015,2021-04-18,8,26111,6,25893,2,218
ltla,Cardiff,W06000015,2021-04-17,9,26103,9,25887,0,216
ltla,Cardiff,W06000015,2021-04-16,12,26094,11,25878,1,216
ltla,Cardiff,W06000015,2021-04-15,12,26082,11,25867,1,215
ltla,Cardiff,W06000015,2021-04-14,19,26070,17,25856,2,214
ltla,Cardiff,W06000015,2021-04-13,12,26051,11,25839,1,212
ltla,Cardiff,W06000015,2021-04-12,12,26039,11,25828,1,211
ltla,Cardiff,W06000015,2021-04-11,4,26027,3,25817,1,210
ltla,Cardiff,W06000015,2021-04-10,13,26023,12,25814,1,209
ltla,Cardiff,W06000015,2021-04-09,14,26010,13,25802,1,208
ltla,Cardiff,W06000015,2021-04-08,21,25996,20,25789,1,207
ltla,Cardiff,W06000015,2021-04-07,19,25975,18,25769,1,206
ltla,Cardiff,W06000015,2021-04-06,20,25956,20,25751,0,205
ltla,Cardiff,W06000015,2021-04-05,14,25936,13,25731,1,205
ltla,Cardiff,W06000015,2021-04-04,15,25922,15,25718,0,204
ltla,Cardiff,W06000015,2021-04-03,12,25907,12,25703,0,204
ltla,Cardiff,W06000015,2021-04-02,15,25895,13,25691,2,204
ltla,Cardiff,W06000015,2021-04-01,21,25880,21,25678,0,202
ltla,Cardiff,W06000015,2021-03-31,22,25859,22,25657,0,202
ltla,Cardiff,W06000015,2021-03-30,32,25837,30,25635,2,202
ltla,Cardiff,W06000015,2021-03-29,25,25805,22,25605,3,200
ltla,Cardiff,W06000015,2021-03-28,11,25780,10,25583,1,197
ltla,Cardiff,W06000015,2021-03-27,11,25769,11,25573,0,196
ltla,Cardiff,W06000015,2021-03-26,22,25758,22,25562,0,196
ltla,Cardiff,W06000015,2021-03-25,20,25736,17,25540,3,196
ltla,Cardiff,W06000015,2021-03-24,23,25716,23,25523,0,193
ltla,Cardiff,W06000015,2021-03-23,8,25693,7,25500,1,193
ltla,Cardiff,W06000015,2021-03-22,18,25685,16,25493,2,192
ltla,Cardiff,W06000015,2021-03-21,10,25667,9,25477,1,190
ltla,Cardiff,W06000015,2021-03-20,14,25657,13,25468,1,189
ltla,Cardiff,W06000015,2021-03-19,23,25643,23,25455,0,188
ltla,Cardiff,W06000015,2021-03-18,27,25620,26,25432,1,188
ltla,Cardiff,W06000015,2021-03-17,18,25593,18,25406,0,187
ltla,Cardiff,W06000015,2021-03-16,14,25575,13,25388,1,187
ltla,Cardiff,W06000015,2021-03-15,14,25561,14,25375,0,186
ltla,Cardiff,W06000015,2021-03-14,11,25547,10,25361,1,186
ltla,Cardiff,W06000015,2021-03-13,15,25536,14,25351,1,185
ltla,Cardiff,W06000015,2021-03-12,12,25521,12,25337,0,184
ltla,Cardiff,W06000015,2021-03-11,30,25509,28,25325,2,184
ltla,Cardiff,W06000015,2021-03-10,20,25479,19,25297,1,182
ltla,Cardiff,W06000015,2021-03-09,17,25459,17,25278,0,181
ltla,Cardiff,W06000015,2021-03-08,17,25442,16,25261,1,181
ltla,Cardiff,W06000015,2021-03-07,14,25425,12,25245,2,180
ltla,Cardiff,W06000015,2021-03-06,16,25411,16,25233,0,178
ltla,Cardiff,W06000015,2021-03-05,7,25395,7,25217,0,178
ltla,Cardiff,W06000015,2021-03-04,21,25388,19,25210,2,178
ltla,Cardiff,W06000015,2021-03-03,31,25367,30,25191,1,176
ltla,Cardiff,W06000015,2021-03-02,35,25336,32,25161,3,175
ltla,Cardiff,W06000015,2021-03-01,15,25301,15,25129,0,172
ltla,Cardiff,W06000015,2021-02-28,20,25286,17,25114,3,172
ltla,Cardiff,W06000015,2021-02-27,15,25266,15,25097,0,169
ltla,Cardiff,W06000015,2021-02-26,22,25251,22,25082,0,169
ltla,Cardiff,W06000015,2021-02-25,27,25229,24,25060,3,169
ltla,Cardiff,W06000015,2021-02-24,19,25202,19,25036,0,166
ltla,Cardiff,W06000015,2021-02-23,31,25183,30,25017,1,166
ltla,Cardiff,W06000015,2021-02-22,39,25152,39,24987,0,165
ltla,Cardiff,W06000015,2021-02-21,27,25113,26,24948,1,165
ltla,Cardiff,W06000015,2021-02-20,34,25086,32,24922,2,164
ltla,Cardiff,W06000015,2021-02-19,55,25052,54,24890,1,162
ltla,Cardiff,W06000015,2021-02-18,58,24997,57,24836,1,161
ltla,Cardiff,W06000015,2021-02-17,55,24939,52,24779,3,160
ltla,Cardiff,W06000015,2021-02-16,68,24884,68,24727,0,157
ltla,Cardiff,W06000015,2021-02-15,65,24816,62,24659,3,157
ltla,Cardiff,W06000015,2021-02-14,46,24751,46,24597,0,154
ltla,Cardiff,W06000015,2021-02-13,30,24705,29,24551,1,154
ltla,Cardiff,W06000015,2021-02-12,67,24675,66,24522,1,153
ltla,Cardiff,W06000015,2021-02-11,51,24608,48,24456,3,152
ltla,Cardiff,W06000015,2021-02-10,61,24557,59,24408,2,149
ltla,Cardiff,W06000015,2021-02-09,74,24496,70,24349,4,147
ltla,Cardiff,W06000015,2021-02-08,50,24422,48,24279,2,143
ltla,Cardiff,W06000015,2021-02-07,37,24372,37,24231,0,141
ltla,Cardiff,W06000015,2021-02-06,45,24335,44,24194,1,141
ltla,Cardiff,W06000015,2021-02-05,48,24290,48,24150,0,140
ltla,Cardiff,W06000015,2021-02-04,56,24242,55,24102,1,140
ltla,Cardiff,W06000015,2021-02-03,56,24186,55,24047,1,139
ltla,Cardiff,W06000015,2021-02-02,50,24130,47,23992,3,138
ltla,Cardiff,W06000015,2021-02-01,64,24080,60,23945,4,135
ltla,Cardiff,W06000015,2021-01-31,30,24016,29,23885,1,131
ltla,Cardiff,W06000015,2021-01-30,58,23986,58,23856,0,130
ltla,Cardiff,W06000015,2021-01-29,56,23928,53,23798,3,130
ltla,Cardiff,W06000015,2021-01-28,65,23872,65,23745,0,127
ltla,Cardiff,W06000015,2021-01-27,88,23807,86,23680,2,127
ltla,Cardiff,W06000015,2021-01-26,73,23719,68,23594,5,125
ltla,Cardiff,W06000015,2021-01-25,74,23646,72,23526,2,120
ltla,Cardiff,W06000015,2021-01-24,50,23572,50,23454,0,118
ltla,Cardiff,W06000015,2021-01-23,51,23522,51,23404,0,118
ltla,Cardiff,W06000015,2021-01-22,77,23471,77,23353,0,118
ltla,Cardiff,W06000015,2021-01-21,111,23394,111,23276,0,118
ltla,Cardiff,W06000015,2021-01-20,94,23283,94,23165,0,118
ltla,Cardiff,W06000015,2021-01-19,119,23189,119,23071,0,118
ltla,Cardiff,W06000015,2021-01-18,120,23070,120,22952,0,118
ltla,Cardiff,W06000015,2021-01-17,101,22950,99,22832,2,118
ltla,Cardiff,W06000015,2021-01-16,107,22849,105,22733,2,116
ltla,Cardiff,W06000015,2021-01-15,161,22742,160,22628,1,114
ltla,Cardiff,W06000015,2021-01-14,164,22581,160,22468,4,113
ltla,Cardiff,W06000015,2021-01-13,154,22417,153,22308,1,109
ltla,Cardiff,W06000015,2021-01-12,172,22263,169,22155,3,108
ltla,Cardiff,W06000015,2021-01-11,178,22091,177,21986,1,105
ltla,Cardiff,W06000015,2021-01-10,104,21913,104,21809,0,104
ltla,Cardiff,W06000015,2021-01-09,143,21809,140,21705,3,104
ltla,Cardiff,W06000015,2021-01-08,146,21666,145,21565,1,101
ltla,Cardiff,W06000015,2021-01-07,184,21520,180,21420,4,100
ltla,Cardiff,W06000015,2021-01-06,229,21336,227,21240,2,96
ltla,Cardiff,W06000015,2021-01-05,239,21107,239,21013,0,94
ltla,Cardiff,W06000015,2021-01-04,236,20868,233,20774,3,94
ltla,Cardiff,W06000015,2021-01-03,165,20632,163,20541,2,91
ltla,Cardiff,W06000015,2021-01-02,201,20467,199,20378,2,89
ltla,Cardiff,W06000015,2021-01-01,98,20266,98,20179,0,87
ltla,Cardiff,W06000015,2020-12-31,200,20168,199,20081,1,87
ltla,Cardiff,W06000015,2020-12-30,286,19968,281,19882,5,86
ltla,Cardiff,W06000015,2020-12-29,407,19682,404,19601,3,81
ltla,Cardiff,W06000015,2020-12-28,262,19275,262,19197,0,78
ltla,Cardiff,W06000015,2020-12-27,279,19013,277,18935,2,78
ltla,Cardiff,W06000015,2020-12-26,231,18734,230,18658,1,76
ltla,Cardiff,W06000015,2020-12-25,59,18503,59,18428,0,75
ltla,Cardiff,W06000015,2020-12-24,147,18444,147,18369,0,75
ltla,Cardiff,W06000015,2020-12-23,297,18297,295,18222,2,75
ltla,Cardiff,W06000015,2020-12-22,339,18000,336,17927,3,73
ltla,Cardiff,W06000015,2020-12-21,341,17661,341,17591,0,70
ltla,Cardiff,W06000015,2020-12-20,249,17320,246,17250,3,70
ltla,Cardiff,W06000015,2020-12-19,316,17071,314,17004,2,67
ltla,Cardiff,W06000015,2020-12-18,327,16755,326,16690,1,65
ltla,Cardiff,W06000015,2020-12-17,387,16428,386,16364,1,64
ltla,Cardiff,W06000015,2020-12-16,470,16041,464,15978,6,63
ltla,Cardiff,W06000015,2020-12-15,389,15571,387,15514,2,57
ltla,Cardiff,W06000015,2020-12-14,391,15182,389,15127,2,55
ltla,Cardiff,W06000015,2020-12-13,311,14791,309,14738,2,53
ltla,Cardiff,W06000015,2020-12-12,293,14480,288,14429,5,51
ltla,Cardiff,W06000015,2020-12-11,326,14187,325,14141,1,46
ltla,Cardiff,W06000015,2020-12-10,341,13861,338,13816,3,45
ltla,Cardiff,W06000015,2020-12-09,357,13520,356,13478,1,42
ltla,Cardiff,W06000015,2020-12-08,327,13163,325,13122,2,41
ltla,Cardiff,W06000015,2020-12-07,266,12836,266,12797,0,39
ltla,Cardiff,W06000015,2020-12-06,213,12570,210,12531,3,39
ltla,Cardiff,W06000015,2020-12-05,216,12357,216,12321,0,36
ltla,Cardiff,W06000015,2020-12-04,222,12141,221,12105,1,36
ltla,Cardiff,W06000015,2020-12-03,241,11919,240,11884,1,35
ltla,Cardiff,W06000015,2020-12-02,232,11678,232,11644,0,34
ltla,Cardiff,W06000015,2020-12-01,227,11446,227,11412,0,34
ltla,Cardiff,W06000015,2020-11-30,202,11219,201,11185,1,34
ltla,Cardiff,W06000015,2020-11-29,103,11017,103,10984,0,33
ltla,Cardiff,W06000015,2020-11-28,85,10914,85,10881,0,33
ltla,Cardiff,W06000015,2020-11-27,101,10829,100,10796,1,33
ltla,Cardiff,W06000015,2020-11-26,139,10728,138,10696,1,32
ltla,Cardiff,W06000015,2020-11-25,146,10589,146,10558,0,31
ltla,Cardiff,W06000015,2020-11-24,141,10443,141,10412,0,31
ltla,Cardiff,W06000015,2020-11-23,120,10302,119,10271,1,31
ltla,Cardiff,W06000015,2020-11-22,86,10182,86,10152,0,30
ltla,Cardiff,W06000015,2020-11-21,71,10096,71,10066,0,30
ltla,Cardiff,W06000015,2020-11-20,89,10025,89,9995,0,30
ltla,Cardiff,W06000015,2020-11-19,83,9936,82,9906,1,30
ltla,Cardiff,W06000015,2020-11-18,100,9853,100,9824,0,29
ltla,Cardiff,W06000015,2020-11-17,98,9753,98,9724,0,29
ltla,Cardiff,W06000015,2020-11-16,145,9655,145,9626,0,29
ltla,Cardiff,W06000015,2020-11-15,57,9510,57,9481,0,29
ltla,Cardiff,W06000015,2020-11-14,73,9453,73,9424,0,29
ltla,Cardiff,W06000015,2020-11-13,99,9380,99,9351,0,29
ltla,Cardiff,W06000015,2020-11-12,68,9281,68,9252,0,29
ltla,Cardiff,W06000015,2020-11-11,75,9213,75,9184,0,29
ltla,Cardiff,W06000015,2020-11-10,106,9138,106,9109,0,29
ltla,Cardiff,W06000015,2020-11-09,105,9032,105,9003,0,29
ltla,Cardiff,W06000015,2020-11-08,63,8927,63,8898,0,29
ltla,Cardiff,W06000015,2020-11-07,69,8864,69,8835,0,29
ltla,Cardiff,W06000015,2020-11-06,93,8795,93,8766,0,29
ltla,Cardiff,W06000015,2020-11-05,118,8702,117,8673,1,29
ltla,Cardiff,W06000015,2020-11-04,130,8584,130,8556,0,28
ltla,Cardiff,W06000015,2020-11-03,160,8454,158,8426,2,28
ltla,Cardiff,W06000015,2020-11-02,178,8294,178,8268,0,26
ltla,Cardiff,W06000015,2020-11-01,101,8116,101,8090,0,26
ltla,Cardiff,W06000015,2020-10-31,96,8015,95,7989,1,26
ltla,Cardiff,W06000015,2020-10-30,190,7919,190,7894,0,25
ltla,Cardiff,W06000015,2020-10-29,195,7729,195,7704,0,25
ltla,Cardiff,W06000015,2020-10-28,143,7534,143,7509,0,25
ltla,Cardiff,W06000015,2020-10-27,171,7391,171,7366,0,25
ltla,Cardiff,W06000015,2020-10-26,228,7220,228,7195,0,25
ltla,Cardiff,W06000015,2020-10-25,143,6992,143,6967,0,25
ltla,Cardiff,W06000015,2020-10-24,149,6849,149,6824,0,25
ltla,Cardiff,W06000015,2020-10-23,195,6700,195,6675,0,25
ltla,Cardiff,W06000015,2020-10-22,157,6505,157,6480,0,25
ltla,Cardiff,W06000015,2020-10-21,212,6348,212,6323,0,25
ltla,Cardiff,W06000015,2020-10-20,208,6136,208,6111,0,25
ltla,Cardiff,W06000015,2020-10-19,180,5928,180,5903,0,25
ltla,Cardiff,W06000015,2020-10-18,142,5748,142,5723,0,25
ltla,Cardiff,W06000015,2020-10-17,157,5606,157,5581,0,25
ltla,Cardiff,W06000015,2020-10-16,188,5449,188,5424,0,25
ltla,Cardiff,W06000015,2020-10-15,184,5261,184,5236,0,25
ltla,Cardiff,W06000015,2020-10-14,195,5077,195,5052,0,25
ltla,Cardiff,W06000015,2020-10-13,211,4882,211,4857,0,25
ltla,Cardiff,W06000015,2020-10-12,146,4671,146,4646,0,25
ltla,Cardiff,W06000015,2020-10-11,183,4525,183,4500,0,25
ltla,Cardiff,W06000015,2020-10-10,136,4342,136,4317,0,25
ltla,Cardiff,W06000015,2020-10-09,111,4206,111,4181,0,25
ltla,Cardiff,W06000015,2020-10-08,139,4095,139,4070,0,25
ltla,Cardiff,W06000015,2020-10-07,111,3956,111,3931,0,25
ltla,Cardiff,W06000015,2020-10-06,123,3845,122,3820,1,25
ltla,Cardiff,W06000015,2020-10-05,95,3722,95,3698,0,24
ltla,Cardiff,W06000015,2020-10-04,76,3627,76,3603,0,24
ltla,Cardiff,W06000015,2020-10-03,73,3551,73,3527,0,24
ltla,Cardiff,W06000015,2020-10-02,85,3478,84,3454,1,24
ltla,Cardiff,W06000015,2020-10-01,66,3393,66,3370,0,23
ltla,Cardiff,W06000015,2020-09-30,81,3327,81,3304,0,23
ltla,Cardiff,W06000015,2020-09-29,52,3246,51,3223,1,23
ltla,Cardiff,W06000015,2020-09-28,62,3194,62,3172,0,22
ltla,Cardiff,W06000015,2020-09-27,61,3132,60,3110,1,22
ltla,Cardiff,W06000015,2020-09-26,64,3071,64,3050,0,21
ltla,Cardiff,W06000015,2020-09-25,53,3007,53,2986,0,21
ltla,Cardiff,W06000015,2020-09-24,44,2954,44,2933,0,21
ltla,Cardiff,W06000015,2020-09-23,45,2910,45,2889,0,21
ltla,Cardiff,W06000015,2020-09-22,49,2865,49,2844,0,21
ltla,Cardiff,W06000015,2020-09-21,24,2816,24,2795,0,21
ltla,Cardiff,W06000015,2020-09-20,18,2792,18,2771,0,21
ltla,Cardiff,W06000015,2020-09-19,28,2774,28,2753,0,21
ltla,Cardiff,W06000015,2020-09-18,19,2746,19,2725,0,21
ltla,Cardiff,W06000015,2020-09-17,30,2727,30,2706,0,21
ltla,Cardiff,W06000015,2020-09-16,20,2697,20,2676,0,21
ltla,Cardiff,W06000015,2020-09-15,15,2677,14,2656,1,21
ltla,Cardiff,W06000015,2020-09-14,16,2662,16,2642,0,20
ltla,Cardiff,W06000015,2020-09-13,8,2646,8,2626,0,20
ltla,Cardiff,W06000015,2020-09-12,15,2638,15,2618,0,20
ltla,Cardiff,W06000015,2020-09-11,10,2623,9,2603,1,20
ltla,Cardiff,W06000015,2020-09-10,14,2613,14,2594,0,19
ltla,Cardiff,W06000015,2020-09-09,13,2599,13,2580,0,19
ltla,Cardiff,W06000015,2020-09-08,5,2586,5,2567,0,19
ltla,Cardiff,W06000015,2020-09-07,5,2581,5,2562,0,19
ltla,Cardiff,W06000015,2020-09-06,16,2576,16,2557,0,19
ltla,Cardiff,W06000015,2020-09-05,20,2560,18,2541,2,19
ltla,Cardiff,W06000015,2020-09-04,8,2540,8,2523,0,17
ltla,Cardiff,W06000015,2020-09-03,15,2532,15,2515,0,17
ltla,Cardiff,W06000015,2020-09-02,8,2517,8,2500,0,17
ltla,Cardiff,W06000015,2020-09-01,8,2509,8,2492,0,17
ltla,Cardiff,W06000015,2020-08-31,7,2501,7,2484,0,17
ltla,Cardiff,W06000015,2020-08-30,16,2494,16,2477,0,17
ltla,Cardiff,W06000015,2020-08-29,17,2478,17,2461,0,17
ltla,Cardiff,W06000015,2020-08-28,9,2461,9,2444,0,17
ltla,Cardiff,W06000015,2020-08-27,10,2452,10,2435,0,17
ltla,Cardiff,W06000015,2020-08-26,7,2442,7,2425,0,17
ltla,Cardiff,W06000015,2020-08-25,9,2435,8,2418,1,17
ltla,Cardiff,W06000015,2020-08-24,13,2426,13,2410,0,16
ltla,Cardiff,W06000015,2020-08-23,5,2413,5,2397,0,16
ltla,Cardiff,W06000015,2020-08-22,8,2408,8,2392,0,16
ltla,Cardiff,W06000015,2020-08-21,8,2400,7,2384,1,16
ltla,Cardiff,W06000015,2020-08-20,13,2392,13,2377,0,15
ltla,Cardiff,W06000015,2020-08-19,12,2379,12,2364,0,15
ltla,Cardiff,W06000015,2020-08-18,13,2367,13,2352,0,15
ltla,Cardiff,W06000015,2020-08-17,3,2354,3,2339,0,15
ltla,Cardiff,W06000015,2020-08-16,7,2351,7,2336,0,15
ltla,Cardiff,W06000015,2020-08-15,1,2344,1,2329,0,15
ltla,Cardiff,W06000015,2020-08-14,2,2343,2,2328,0,15
ltla,Cardiff,W06000015,2020-08-13,4,2341,4,2326,0,15
ltla,Cardiff,W06000015,2020-08-12,3,2337,3,2322,0,15
ltla,Cardiff,W06000015,2020-08-11,5,2334,5,2319,0,15
ltla,Cardiff,W06000015,2020-08-10,1,2329,1,2314,0,15
ltla,Cardiff,W06000015,2020-08-09,0,2328,0,2313,0,15
ltla,Cardiff,W06000015,2020-08-08,0,2328,0,2313,0,15
ltla,Cardiff,W06000015,2020-08-07,1,2328,1,2313,0,15
ltla,Cardiff,W06000015,2020-08-06,1,2327,1,2312,0,15
ltla,Cardiff,W06000015,2020-08-05,1,2326,1,2311,0,15
ltla,Cardiff,W06000015,2020-08-04,9,2325,9,2310,0,15
ltla,Cardiff,W06000015,2020-08-03,2,2316,2,2301,0,15
ltla,Cardiff,W06000015,2020-08-02,0,2314,0,2299,0,15
ltla,Cardiff,W06000015,2020-08-01,2,2314,2,2299,0,15
ltla,Cardiff,W06000015,2020-07-31,2,2312,2,2297,0,15
ltla,Cardiff,W06000015,2020-07-30,1,2310,1,2295,0,15
ltla,Cardiff,W06000015,2020-07-29,1,2309,0,2294,1,15
ltla,Cardiff,W06000015,2020-07-28,0,2308,0,2294,0,14
ltla,Cardiff,W06000015,2020-07-27,0,2308,0,2294,0,14
ltla,Cardiff,W06000015,2020-07-26,0,2308,0,2294,0,14
ltla,Cardiff,W06000015,2020-07-25,0,2308,0,2294,0,14
ltla,Cardiff,W06000015,2020-07-24,3,2308,3,2294,0,14
ltla,Cardiff,W06000015,2020-07-23,2,2305,2,2291,0,14
ltla,Cardiff,W06000015,2020-07-22,2,2303,2,2289,0,14
ltla,Cardiff,W06000015,2020-07-21,6,2301,6,2287,0,14
ltla,Cardiff,W06000015,2020-07-20,2,2295,2,2281,0,14
ltla,Cardiff,W06000015,2020-07-19,0,2293,0,2279,0,14
ltla,Cardiff,W06000015,2020-07-18,0,2293,0,2279,0,14
ltla,Cardiff,W06000015,2020-07-17,1,2293,1,2279,0,14
ltla,Cardiff,W06000015,2020-07-16,1,2292,1,2278,0,14
ltla,Cardiff,W06000015,2020-07-15,3,2291,2,2277,1,14
ltla,Cardiff,W06000015,2020-07-14,1,2288,1,2275,0,13
ltla,Cardiff,W06000015,2020-07-13,0,2287,0,2274,0,13
ltla,Cardiff,W06000015,2020-07-12,1,2287,1,2274,0,13
ltla,Cardiff,W06000015,2020-07-11,0,2286,0,2273,0,13
ltla,Cardiff,W06000015,2020-07-10,2,2286,2,2273,0,13
ltla,Cardiff,W06000015,2020-07-09,0,2284,0,2271,0,13
ltla,Cardiff,W06000015,2020-07-08,0,2284,0,2271,0,13
ltla,Cardiff,W06000015,2020-07-07,2,2284,1,2271,1,13
ltla,Cardiff,W06000015,2020-07-06,2,2282,1,2270,1,12
ltla,Cardiff,W06000015,2020-07-05,2,2280,2,2269,0,11
ltla,Cardiff,W06000015,2020-07-04,1,2278,1,2267,0,11
ltla,Cardiff,W06000015,2020-07-03,2,2277,0,2266,2,11
ltla,Cardiff,W06000015,2020-07-02,2,2275,2,2266,0,9
ltla,Cardiff,W06000015,2020-07-01,1,2273,1,2264,0,9
ltla,Cardiff,W06000015,2020-06-30,2,2272,1,2263,1,9
ltla,Cardiff,W06000015,2020-06-29,3,2270,2,2262,1,8
ltla,Cardiff,W06000015,2020-06-28,4,2267,4,2260,0,7
ltla,Cardiff,W06000015,2020-06-27,10,2263,9,2256,1,7
ltla,Cardiff,W06000015,2020-06-26,1,2253,1,2247,0,6
ltla,Cardiff,W06000015,2020-06-25,3,2252,3,2246,0,6
ltla,Cardiff,W06000015,2020-06-24,2,2249,2,2243,0,6
ltla,Cardiff,W06000015,2020-06-23,2,2247,2,2241,0,6
ltla,Cardiff,W06000015,2020-06-22,6,2245,5,2239,1,6
ltla,Cardiff,W06000015,2020-06-21,4,2239,4,2234,0,5
ltla,Cardiff,W06000015,2020-06-20,2,2235,1,2230,1,5
ltla,Cardiff,W06000015,2020-06-19,3,2233,3,2229,0,4
ltla,Cardiff,W06000015,2020-06-18,6,2230,6,2226,0,4
ltla,Cardiff,W06000015,2020-06-17,4,2224,4,2220,0,4
ltla,Cardiff,W06000015,2020-06-16,4,2220,4,2216,0,4
ltla,Cardiff,W06000015,2020-06-15,4,2216,4,2212,0,4
ltla,Cardiff,W06000015,2020-06-14,1,2212,1,2208,0,4
ltla,Cardiff,W06000015,2020-06-13,5,2211,5,2207,0,4
ltla,Cardiff,W06000015,2020-06-12,4,2206,4,2202,0,4
ltla,Cardiff,W06000015,2020-06-11,5,2202,5,2198,0,4
ltla,Cardiff,W06000015,2020-06-10,2,2197,2,2193,0,4
ltla,Cardiff,W06000015,2020-06-09,11,2195,10,2191,1,4
ltla,Cardiff,W06000015,2020-06-08,12,2184,12,2181,0,3
ltla,Cardiff,W06000015,2020-06-07,4,2172,4,2169,0,3
ltla,Cardiff,W06000015,2020-06-06,6,2168,5,2165,1,3
ltla,Cardiff,W06000015,2020-06-05,3,2162,3,2160,0,2
ltla,Cardiff,W06000015,2020-06-04,9,2159,9,2157,0,2
ltla,Cardiff,W06000015,2020-06-03,16,2150,16,2148,0,2
ltla,Cardiff,W06000015,2020-06-02,13,2134,12,2132,1,2
ltla,Cardiff,W06000015,2020-06-01,10,2121,10,2120,0,1
ltla,Cardiff,W06000015,2020-05-31,8,2111,8,2110,0,1
ltla,Cardiff,W06000015,2020-05-30,8,2103,8,2102,0,1
ltla,Cardiff,W06000015,2020-05-29,10,2095,10,2094,0,1
ltla,Cardiff,W06000015,2020-05-28,18,2085,18,2084,0,1
ltla,Cardiff,W06000015,2020-05-27,12,2067,12,2066,0,1
ltla,Cardiff,W06000015,2020-05-26,7,2055,7,2054,0,1
ltla,Cardiff,W06000015,2020-05-25,10,2048,10,2047,0,1
ltla,Cardiff,W06000015,2020-05-24,12,2038,12,2037,0,1
ltla,Cardiff,W06000015,2020-05-23,19,2026,18,2025,1,1
ltla,Cardiff,W06000015,2020-05-22,11,2007,11,2007,,
ltla,Cardiff,W06000015,2020-05-21,14,1996,14,1996,,
ltla,Cardiff,W06000015,2020-05-20,14,1982,14,1982,,
ltla,Cardiff,W06000015,2020-05-19,17,1968,17,1968,,
ltla,Cardiff,W06000015,2020-05-18,9,1951,9,1951,,
ltla,Cardiff,W06000015,2020-05-17,7,1942,7,1942,,
ltla,Cardiff,W06000015,2020-05-16,10,1935,10,1935,,
ltla,Cardiff,W06000015,2020-05-15,16,1925,16,1925,,
ltla,Cardiff,W06000015,2020-05-14,6,1909,6,1909,,
ltla,Cardiff,W06000015,2020-05-13,8,1903,8,1903,,
ltla,Cardiff,W06000015,2020-05-12,13,1895,13,1895,,
ltla,Cardiff,W06000015,2020-05-11,12,1882,12,1882,,
ltla,Cardiff,W06000015,2020-05-10,14,1870,14,1870,,
ltla,Cardiff,W06000015,2020-05-09,10,1856,10,1856,,
ltla,Cardiff,W06000015,2020-05-08,9,1846,9,1846,,
ltla,Cardiff,W06000015,2020-05-07,17,1837,17,1837,,
ltla,Cardiff,W06000015,2020-05-06,11,1820,11,1820,,
ltla,Cardiff,W06000015,2020-05-05,13,1809,13,1809,,
ltla,Cardiff,W06000015,2020-05-04,9,1796,9,1796,,
ltla,Cardiff,W06000015,2020-05-03,10,1787,10,1787,,
ltla,Cardiff,W06000015,2020-05-02,19,1777,19,1777,,
ltla,Cardiff,W06000015,2020-05-01,25,1758,25,1758,,
ltla,Cardiff,W06000015,2020-04-30,31,1733,31,1733,,
ltla,Cardiff,W06000015,2020-04-29,11,1702,11,1702,,
ltla,Cardiff,W06000015,2020-04-28,27,1691,27,1691,,
ltla,Cardiff,W06000015,2020-04-27,14,1664,14,1664,,
ltla,Cardiff,W06000015,2020-04-26,14,1650,14,1650,,
ltla,Cardiff,W06000015,2020-04-25,28,1636,28,1636,,
ltla,Cardiff,W06000015,2020-04-24,25,1608,25,1608,,
ltla,Cardiff,W06000015,2020-04-23,31,1583,31,1583,,
ltla,Cardiff,W06000015,2020-04-22,37,1552,37,1552,,
ltla,Cardiff,W06000015,2020-04-21,35,1515,35,1515,,
ltla,Cardiff,W06000015,2020-04-20,44,1480,44,1480,,
ltla,Cardiff,W06000015,2020-04-19,30,1436,30,1436,,
ltla,Cardiff,W06000015,2020-04-18,37,1406,37,1406,,
ltla,Cardiff,W06000015,2020-04-17,41,1369,41,1369,,
ltla,Cardiff,W06000015,2020-04-16,50,1328,50,1328,,
ltla,Cardiff,W06000015,2020-04-15,45,1278,45,1278,,
ltla,Cardiff,W06000015,2020-04-14,60,1233,60,1233,,
ltla,Cardiff,W06000015,2020-04-13,46,1173,46,1173,,
ltla,Cardiff,W06000015,2020-04-12,40,1127,40,1127,,
ltla,Cardiff,W06000015,2020-04-11,44,1087,44,1087,,
ltla,Cardiff,W06000015,2020-04-10,47,1043,47,1043,,
ltla,Cardiff,W06000015,2020-04-09,79,996,79,996,,
ltla,Cardiff,W06000015,2020-04-08,64,917,64,917,,
ltla,Cardiff,W06000015,2020-04-07,75,853,75,853,,
ltla,Cardiff,W06000015,2020-04-06,77,778,77,778,,
ltla,Cardiff,W06000015,2020-04-05,29,701,29,701,,
ltla,Cardiff,W06000015,2020-04-04,46,672,46,672,,
ltla,Cardiff,W06000015,2020-04-03,63,626,63,626,,
ltla,Cardiff,W06000015,2020-04-02,85,563,85,563,,
ltla,Cardiff,W06000015,2020-04-01,72,478,72,478,,
ltla,Cardiff,W06000015,2020-03-31,59,406,59,406,,
ltla,Cardiff,W06000015,2020-03-30,55,347,55,347,,
ltla,Cardiff,W06000015,2020-03-29,29,292,29,292,,
ltla,Cardiff,W06000015,2020-03-28,39,263,39,263,,
ltla,Cardiff,W06000015,2020-03-27,33,224,33,224,,
ltla,Cardiff,W06000015,2020-03-26,34,191,34,191,,
ltla,Cardiff,W06000015,2020-03-25,29,157,29,157,,
ltla,Cardiff,W06000015,2020-03-24,19,128,19,128,,
ltla,Cardiff,W06000015,2020-03-23,25,109,25,109,,
ltla,Cardiff,W06000015,2020-03-22,11,84,11,84,,
ltla,Cardiff,W06000015,2020-03-21,13,73,13,73,,
ltla,Cardiff,W06000015,2020-03-20,11,60,11,60,,
ltla,Cardiff,W06000015,2020-03-19,13,49,13,49,,
ltla,Cardiff,W06000015,2020-03-18,6,36,6,36,,
ltla,Cardiff,W06000015,2020-03-17,9,30,9,30,,
ltla,Cardiff,W06000015,2020-03-16,6,21,6,21,,
ltla,Cardiff,W06000015,2020-03-15,6,15,6,15,,
ltla,Cardiff,W06000015,2020-03-14,4,9,4,9,,
ltla,Cardiff,W06000015,2020-03-13,0,5,0,5,,
ltla,Cardiff,W06000015,2020-03-12,1,5,1,5,,
ltla,Cardiff,W06000015,2020-03-11,1,4,1,4,,
ltla,Cardiff,W06000015,2020-03-10,1,3,1,3,,
ltla,Cardiff,W06000015,2020-03-09,1,2,1,2,,
ltla,Cardiff,W06000015,2020-03-08,0,1,0,1,,
ltla,Cardiff,W06000015,2020-03-07,0,1,0,1,,
ltla,Cardiff,W06000015,2020-03-06,0,1,0,1,,
ltla,Cardiff,W06000015,2020-03-05,0,1,0,1,,
ltla,Cardiff,W06000015,2020-03-04,1,1,1,1,,
